<?xml version="1.0" encoding="UTF-8"?><module codename="org.netbeans.modules.projectuiapi/1">
    <module_version install_time="1507813631605" last="true" origin="installer" specification_version="1.78.1.8">
        <file crc="1472443289" name="config/ModuleAutoDeps/org-netbeans-modules-projectuiapi.xml"/>
        <file crc="1443847563" name="config/Modules/org-netbeans-modules-projectuiapi.xml"/>
        <file crc="2680441010" name="modules/locale/org-netbeans-modules-projectuiapi_ja.jar"/>
        <file crc="497693210" name="modules/locale/org-netbeans-modules-projectuiapi_pt_BR.jar"/>
        <file crc="2335011791" name="modules/locale/org-netbeans-modules-projectuiapi_ru.jar"/>
        <file crc="785292828" name="modules/locale/org-netbeans-modules-projectuiapi_zh_CN.jar"/>
        <file crc="107189187" name="modules/org-netbeans-modules-projectuiapi.jar"/>
    </module_version>
</module>
