<?xml version="1.0" encoding="UTF-8"?><module codename="org.netbeans.modules.options.keymap">
    <module_version install_time="1523005631291" last="true" origin="installer" specification_version="1.37.1">
        <file crc="2363851279" name="config/Modules/org-netbeans-modules-options-keymap.xml"/>
        <file crc="3467768517" name="modules/locale/org-netbeans-modules-options-keymap_ja.jar"/>
        <file crc="3448518463" name="modules/locale/org-netbeans-modules-options-keymap_pt_BR.jar"/>
        <file crc="2426328287" name="modules/locale/org-netbeans-modules-options-keymap_ru.jar"/>
        <file crc="4063229032" name="modules/locale/org-netbeans-modules-options-keymap_zh_CN.jar"/>
        <file crc="2446738836" name="modules/org-netbeans-modules-options-keymap.jar"/>
    </module_version>
</module>
