<?xml version="1.0" encoding="UTF-8"?><module codename="eu.europa.ec.joinup.sat.nbdemetra.branding">
    <module_version install_time="1588594883884" last="true" origin="installer" specification_version="2.2.3">
        <file crc="302786477" name="config/Modules/eu-europa-ec-joinup-sat-nbdemetra-branding.xml"/>
        <file crc="698587420" name="core/locale/core_nbdemetra.jar"/>
        <file crc="1456912699" name="modules/eu-europa-ec-joinup-sat-nbdemetra-branding.jar"/>
        <file crc="2351401678" name="modules/locale/eu-europa-ec-joinup-sat-nbdemetra-sa_nbdemetra.jar"/>
        <file crc="208571904" name="modules/locale/org-netbeans-core-windows_nbdemetra.jar"/>
        <file crc="1695576068" name="modules/locale/org-netbeans-core_nbdemetra.jar"/>
        <file crc="2602310920" name="update_tracking/eu-europa-ec-joinup-sat-nbdemetra-branding.xml"/>
    </module_version>
</module>
