<?xml version="1.0" encoding="UTF-8"?><module codename="eu.europa.ec.joinup.sat.nbdemetra.ui">
    <module_version install_time="1588594884081" last="true" origin="installer" specification_version="2.2.3">
        <file crc="3673705855" name="config/Modules/eu-europa-ec-joinup-sat-nbdemetra-ui.xml"/>
        <file crc="945060083" name="modules/eu-europa-ec-joinup-sat-nbdemetra-ui.jar"/>
        <file crc="1479685801" name="modules/ext/eu.europa.ec.joinup.sat.nbdemetra-ui/be-nbb-rd/java-desktop-util-chart.jar"/>
        <file crc="2662621306" name="modules/ext/eu.europa.ec.joinup.sat.nbdemetra-ui/be-nbb-rd/java-desktop-util-fa.jar"/>
        <file crc="627027112" name="modules/ext/eu.europa.ec.joinup.sat.nbdemetra-ui/be-nbb-rd/java-desktop-util-os.jar"/>
        <file crc="4155807021" name="modules/ext/eu.europa.ec.joinup.sat.nbdemetra-ui/be-nbb-rd/java-desktop-util-swing.jar"/>
        <file crc="385887944" name="modules/ext/eu.europa.ec.joinup.sat.nbdemetra-ui/com-miglayout/miglayout.jar"/>
        <file crc="61254841" name="modules/ext/eu.europa.ec.joinup.sat.nbdemetra-ui/com-toedter/jcalendar.jar"/>
        <file crc="2933363881" name="modules/ext/eu.europa.ec.joinup.sat.nbdemetra-ui/net-java-dev-jna/jna-platform.jar"/>
        <file crc="3842494990" name="modules/ext/eu.europa.ec.joinup.sat.nbdemetra-ui/net-java-dev-jna/jna.jar"/>
        <file crc="4135575409" name="modules/ext/eu.europa.ec.joinup.sat.nbdemetra-ui/org-jfree/jcommon.jar"/>
        <file crc="2688481381" name="modules/ext/eu.europa.ec.joinup.sat.nbdemetra-ui/org-jfree/jfreechart.jar"/>
        <file crc="3724286713" name="modules/ext/eu.europa.ec.joinup.sat.nbdemetra-ui/org-jfree/jfreesvg.jar"/>
        <file crc="3379943687" name="modules/ext/eu.europa.ec.joinup.sat.nbdemetra-ui/org-swinglabs/swing-layout.jar"/>
        <file crc="2907821283" name="modules/ext/eu.europa.ec.joinup.sat.nbdemetra-ui/org-tros/l2fprod-common-annotations.jar"/>
        <file crc="3464611187" name="modules/ext/eu.europa.ec.joinup.sat.nbdemetra-ui/org-tros/l2fprod-properties-editor.jar"/>
        <file crc="1891061212" name="update_tracking/eu-europa-ec-joinup-sat-nbdemetra-ui.xml"/>
    </module_version>
</module>
