<?xml version="1.0" encoding="UTF-8"?><module codename="eu.europa.ec.joinup.sat.nbdemetra.branding">
    <module_version install_time="1523883910937" last="true" origin="installer" specification_version="2.2.1">
        <file crc="302786477" name="config/Modules/eu-europa-ec-joinup-sat-nbdemetra-branding.xml"/>
        <file crc="2211579523" name="core/locale/core_nbdemetra.jar"/>
        <file crc="658859440" name="modules/eu-europa-ec-joinup-sat-nbdemetra-branding.jar"/>
        <file crc="259577317" name="modules/locale/eu-europa-ec-joinup-sat-nbdemetra-sa_nbdemetra.jar"/>
        <file crc="2864664822" name="modules/locale/org-netbeans-core-windows_nbdemetra.jar"/>
        <file crc="1095846789" name="modules/locale/org-netbeans-core_nbdemetra.jar"/>
        <file crc="181795837" name="update_tracking/eu-europa-ec-joinup-sat-nbdemetra-branding.xml"/>
    </module_version>
</module>
