<?xml version="1.0" encoding="UTF-8"?><module codename="org.openide.execution">
    <module_version install_time="1547556565114" last="true" origin="installer" specification_version="9.3.1">
        <file crc="706546870" name="config/ModuleAutoDeps/org-openide-execution.xml"/>
        <file crc="1899864534" name="config/Modules/org-openide-execution.xml"/>
        <file crc="1584310142" name="modules/locale/org-openide-execution_ja.jar"/>
        <file crc="1836939225" name="modules/locale/org-openide-execution_pt_BR.jar"/>
        <file crc="2839930780" name="modules/locale/org-openide-execution_ru.jar"/>
        <file crc="2839077208" name="modules/locale/org-openide-execution_zh_CN.jar"/>
        <file crc="3916437044" name="modules/org-openide-execution.jar"/>
    </module_version>
</module>
