<?xml version="1.0" encoding="UTF-8"?><module codename="org.netbeans.libs.jna/1">
    <module_version install_time="1547556563604" last="true" origin="installer" specification_version="1.44.1">
        <file crc="1637808577" name="config/Modules/org-netbeans-libs-jna.xml"/>
        <file crc="3894525640" name="modules/ext/jna-4.2.2.jar"/>
        <file crc="1019005622" name="modules/lib/amd64/jnidispatch-422.dll"/>
        <file crc="807941825" name="modules/lib/amd64/linux/libjnidispatch-422.so"/>
        <file crc="1622503364" name="modules/lib/i386/linux/libjnidispatch-422.so"/>
        <file crc="3276311828" name="modules/lib/libjnidispatch-422.jnilib"/>
        <file crc="1958898508" name="modules/lib/x86/jnidispatch-422.dll"/>
        <file crc="774682841" name="modules/locale/org-netbeans-libs-jna_ja.jar"/>
        <file crc="4034612006" name="modules/locale/org-netbeans-libs-jna_pt_BR.jar"/>
        <file crc="3527938867" name="modules/locale/org-netbeans-libs-jna_ru.jar"/>
        <file crc="227646102" name="modules/locale/org-netbeans-libs-jna_zh_CN.jar"/>
        <file crc="1757439537" name="modules/org-netbeans-libs-jna.jar"/>
    </module_version>
</module>
