<?xml version="1.0" encoding="UTF-8"?><module codename="org.netbeans.api.htmlui">
    <module_version install_time="1547556562380" last="true" origin="installer" specification_version="1.5.1">
        <file crc="3240801667" name="config/Modules/org-netbeans-api-htmlui.xml"/>
        <file crc="2091816054" name="modules/locale/org-netbeans-api-htmlui_ja.jar"/>
        <file crc="673130967" name="modules/locale/org-netbeans-api-htmlui_pt_BR.jar"/>
        <file crc="2786801729" name="modules/locale/org-netbeans-api-htmlui_ru.jar"/>
        <file crc="274988839" name="modules/locale/org-netbeans-api-htmlui_zh_CN.jar"/>
        <file crc="1297498574" name="modules/org-netbeans-api-htmlui.jar"/>
    </module_version>
</module>
