<?xml version="1.0" encoding="UTF-8"?><module codename="org.openide.io">
    <module_version install_time="1547556570655" last="true" origin="installer" specification_version="1.49.1">
        <file crc="3834804485" name="config/Modules/org-openide-io.xml"/>
        <file crc="4262392662" name="modules/locale/org-openide-io_ja.jar"/>
        <file crc="2043243559" name="modules/locale/org-openide-io_pt_BR.jar"/>
        <file crc="491522519" name="modules/locale/org-openide-io_ru.jar"/>
        <file crc="3615609396" name="modules/locale/org-openide-io_zh_CN.jar"/>
        <file crc="1737488413" name="modules/org-openide-io.jar"/>
    </module_version>
</module>
