<?xml version="1.0" encoding="UTF-8"?><module codename="org.netbeans.libs.jsr223/1">
    <module_version install_time="1547556563621" last="true" origin="installer" specification_version="1.35.1">
        <file crc="1051087422" name="config/Modules/org-netbeans-libs-jsr223.xml"/>
        <file crc="602438765" name="modules/locale/org-netbeans-libs-jsr223_ja.jar"/>
        <file crc="242851348" name="modules/locale/org-netbeans-libs-jsr223_pt_BR.jar"/>
        <file crc="4267873176" name="modules/locale/org-netbeans-libs-jsr223_ru.jar"/>
        <file crc="429632525" name="modules/locale/org-netbeans-libs-jsr223_zh_CN.jar"/>
        <file crc="442074498" name="modules/org-netbeans-libs-jsr223.jar"/>
    </module_version>
</module>
