<?xml version="1.0" encoding="UTF-8"?><module codename="org.netbeans.modules.autoupdate.ui">
    <module_version install_time="1547556563956" last="true" origin="installer" specification_version="1.45.1">
        <file crc="123778612" name="config/Modules/org-netbeans-modules-autoupdate-ui.xml"/>
        <file crc="651393753" name="modules/locale/org-netbeans-modules-autoupdate-ui_ja.jar"/>
        <file crc="254013622" name="modules/locale/org-netbeans-modules-autoupdate-ui_pt_BR.jar"/>
        <file crc="140418082" name="modules/locale/org-netbeans-modules-autoupdate-ui_ru.jar"/>
        <file crc="2321778459" name="modules/locale/org-netbeans-modules-autoupdate-ui_zh_CN.jar"/>
        <file crc="615734765" name="modules/org-netbeans-modules-autoupdate-ui.jar"/>
    </module_version>
</module>
