<?xml version="1.0" encoding="UTF-8"?><module codename="org.netbeans.modules.projectapi.nb">
    <module_version install_time="1547556569293" last="true" origin="installer" specification_version="1.3.1">
        <file crc="923987008" name="config/Modules/org-netbeans-modules-projectapi-nb.xml"/>
        <file crc="472122528" name="modules/locale/org-netbeans-modules-projectapi-nb_ja.jar"/>
        <file crc="1859781855" name="modules/locale/org-netbeans-modules-projectapi-nb_pt_BR.jar"/>
        <file crc="3788220295" name="modules/locale/org-netbeans-modules-projectapi-nb_ru.jar"/>
        <file crc="3246405657" name="modules/locale/org-netbeans-modules-projectapi-nb_zh_CN.jar"/>
        <file crc="3139251346" name="modules/org-netbeans-modules-projectapi-nb.jar"/>
    </module_version>
</module>
