<?xml version="1.0" encoding="UTF-8"?><module codename="eu.europa.ec.joinup.sat.nbdemetra.branding">
    <module_version install_time="1523006154527" last="true" origin="installer" specification_version="2.2.1">
        <file crc="302786477" name="config/Modules/eu-europa-ec-joinup-sat-nbdemetra-branding.xml"/>
        <file crc="2991013714" name="core/locale/core_nbdemetra.jar"/>
        <file crc="522255743" name="modules/eu-europa-ec-joinup-sat-nbdemetra-branding.jar"/>
        <file crc="2453417651" name="modules/locale/eu-europa-ec-joinup-sat-nbdemetra-sa_nbdemetra.jar"/>
        <file crc="117264374" name="modules/locale/org-netbeans-core-windows_nbdemetra.jar"/>
        <file crc="1706838486" name="modules/locale/org-netbeans-core_nbdemetra.jar"/>
        <file crc="1681825954" name="update_tracking/eu-europa-ec-joinup-sat-nbdemetra-branding.xml"/>
    </module_version>
</module>
