<?xml version="1.0" encoding="UTF-8"?><module codename="eu.europa.ec.joinup.sat.nbdemetra.core">
    <module_version install_time="1507816143377" last="true" origin="installer" specification_version="2.1.0">
        <file crc="4290893292" name="config/Modules/eu-europa-ec-joinup-sat-nbdemetra-core.xml"/>
        <file crc="2791010199" name="modules/eu-europa-ec-joinup-sat-nbdemetra-core.jar"/>
        <file crc="1651212803" name="modules/ext/eu.europa.ec.joinup.sat.nbdemetra-core/com-google-code-findbugs/jsr305.jar"/>
        <file crc="3315777451" name="modules/ext/eu.europa.ec.joinup.sat.nbdemetra-core/com-google-guava/guava.jar"/>
        <file crc="752493791" name="modules/ext/eu.europa.ec.joinup.sat.nbdemetra-core/eu-europa-ec-joinup-sat/demetra-tss.jar"/>
        <file crc="3784558031" name="modules/ext/eu.europa.ec.joinup.sat.nbdemetra-core/eu-europa-ec-joinup-sat/demetra-tstoolkit.jar"/>
        <file crc="1617880164" name="modules/ext/eu.europa.ec.joinup.sat.nbdemetra-core/eu-europa-ec-joinup-sat/demetra-utils.jar"/>
        <file crc="218169013" name="modules/ext/eu.europa.ec.joinup.sat.nbdemetra-core/org-slf4j/jcl-over-slf4j.jar"/>
        <file crc="3173008949" name="modules/ext/eu.europa.ec.joinup.sat.nbdemetra-core/org-slf4j/slf4j-api.jar"/>
        <file crc="3693624302" name="modules/ext/eu.europa.ec.joinup.sat.nbdemetra-core/org-slf4j/slf4j-jdk14.jar"/>
        <file crc="1014054320" name="modules/ext/eu.europa.ec.joinup.sat.nbdemetra-core/org-xerial-snappy/snappy-java.jar"/>
        <file crc="3140717346" name="update_tracking/eu-europa-ec-joinup-sat-nbdemetra-core.xml"/>
    </module_version>
</module>
