<?xml version="1.0" encoding="UTF-8"?><module codename="eu.europa.ec.joinup.sat.nbdemetra.ui">
    <module_version install_time="1507816143673" last="true" origin="installer" specification_version="2.1.0">
        <file crc="3673705855" name="config/Modules/eu-europa-ec-joinup-sat-nbdemetra-ui.xml"/>
        <file crc="785092439" name="modules/eu-europa-ec-joinup-sat-nbdemetra-ui.jar"/>
        <file crc="385887944" name="modules/ext/eu.europa.ec.joinup.sat.nbdemetra-ui/com-miglayout/miglayout.jar"/>
        <file crc="61254841" name="modules/ext/eu.europa.ec.joinup.sat.nbdemetra-ui/com-toedter/jcalendar.jar"/>
        <file crc="1762624986" name="modules/ext/eu.europa.ec.joinup.sat.nbdemetra-ui/eu-europa-ec-joinup-sat/nbdemetra-utils.jar"/>
        <file crc="1951947303" name="modules/ext/eu.europa.ec.joinup.sat.nbdemetra-ui/net-java-dev-jna/jna-platform.jar"/>
        <file crc="3642523333" name="modules/ext/eu.europa.ec.joinup.sat.nbdemetra-ui/net-java-dev-jna/jna.jar"/>
        <file crc="4135575409" name="modules/ext/eu.europa.ec.joinup.sat.nbdemetra-ui/org-jfree/jcommon.jar"/>
        <file crc="2688481381" name="modules/ext/eu.europa.ec.joinup.sat.nbdemetra-ui/org-jfree/jfreechart.jar"/>
        <file crc="2504645296" name="modules/ext/eu.europa.ec.joinup.sat.nbdemetra-ui/org-jfree/jfreesvg.jar"/>
        <file crc="3379943687" name="modules/ext/eu.europa.ec.joinup.sat.nbdemetra-ui/org-swinglabs/swing-layout.jar"/>
        <file crc="2430610893" name="modules/ext/eu.europa.ec.joinup.sat.nbdemetra-ui/org-tros/l2fprod-properties-editor.jar"/>
        <file crc="273393388" name="update_tracking/eu-europa-ec-joinup-sat-nbdemetra-ui.xml"/>
    </module_version>
</module>
