<?xml version="1.0" encoding="UTF-8"?><module codename="eu.europa.ec.joinup.sat.nbdemetra.spreadsheet">
    <module_version install_time="1507816144714" last="true" origin="installer" specification_version="2.1.0">
        <file crc="2290505336" name="config/Modules/eu-europa-ec-joinup-sat-nbdemetra-spreadsheet.xml"/>
        <file crc="2891075178" name="modules/eu-europa-ec-joinup-sat-nbdemetra-spreadsheet.jar"/>
        <file crc="3280865456" name="modules/ext/eu.europa.ec.joinup.sat.nbdemetra-spreadsheet/commons-codec/commons-codec.jar"/>
        <file crc="173801749" name="modules/ext/eu.europa.ec.joinup.sat.nbdemetra-spreadsheet/eu-europa-ec-joinup-sat/demetra-spreadsheet.jar"/>
        <file crc="1211354938" name="modules/ext/eu.europa.ec.joinup.sat.nbdemetra-spreadsheet/eu-europa-ec-joinup-sat/spreadsheet-api.jar"/>
        <file crc="1367616376" name="modules/ext/eu.europa.ec.joinup.sat.nbdemetra-spreadsheet/eu-europa-ec-joinup-sat/spreadsheet-html.jar"/>
        <file crc="1862650479" name="modules/ext/eu.europa.ec.joinup.sat.nbdemetra-spreadsheet/eu-europa-ec-joinup-sat/spreadsheet-od.jar"/>
        <file crc="511882856" name="modules/ext/eu.europa.ec.joinup.sat.nbdemetra-spreadsheet/eu-europa-ec-joinup-sat/spreadsheet-poi.jar"/>
        <file crc="3503230739" name="modules/ext/eu.europa.ec.joinup.sat.nbdemetra-spreadsheet/eu-europa-ec-joinup-sat/spreadsheet-xmlss.jar"/>
        <file crc="3135106811" name="modules/ext/eu.europa.ec.joinup.sat.nbdemetra-spreadsheet/org-apache-poi/poi-ooxml-schemas.jar"/>
        <file crc="2113701043" name="modules/ext/eu.europa.ec.joinup.sat.nbdemetra-spreadsheet/org-apache-poi/poi-ooxml.jar"/>
        <file crc="964437641" name="modules/ext/eu.europa.ec.joinup.sat.nbdemetra-spreadsheet/org-apache-poi/poi.jar"/>
        <file crc="3885702182" name="modules/ext/eu.europa.ec.joinup.sat.nbdemetra-spreadsheet/org-apache-xmlbeans/xmlbeans.jar"/>
        <file crc="842053307" name="modules/ext/eu.europa.ec.joinup.sat.nbdemetra-spreadsheet/org-jopendocument/jOpenDocument.jar"/>
        <file crc="3136358475" name="modules/ext/eu.europa.ec.joinup.sat.nbdemetra-spreadsheet/org-jsoup/jsoup.jar"/>
        <file crc="3595525127" name="update_tracking/eu-europa-ec-joinup-sat-nbdemetra-spreadsheet.xml"/>
    </module_version>
</module>
