<?xml version="1.0" encoding="UTF-8"?><module codename="eu.europa.ec.joinup.sat.nbdemetra.branding">
    <module_version install_time="1507816143146" last="true" origin="installer" specification_version="2.1.0">
        <file crc="302786477" name="config/Modules/eu-europa-ec-joinup-sat-nbdemetra-branding.xml"/>
        <file crc="48775349" name="core/locale/core_nbdemetra.jar"/>
        <file crc="2011053888" name="modules/eu-europa-ec-joinup-sat-nbdemetra-branding.jar"/>
        <file crc="135364621" name="modules/locale/eu-europa-ec-joinup-sat-nbdemetra-sa_nbdemetra.jar"/>
        <file crc="1111785142" name="modules/locale/org-netbeans-core-windows_nbdemetra.jar"/>
        <file crc="3506779110" name="modules/locale/org-netbeans-core_nbdemetra.jar"/>
        <file crc="757858514" name="update_tracking/eu-europa-ec-joinup-sat-nbdemetra-branding.xml"/>
    </module_version>
</module>
