<?xml version="1.0" encoding="UTF-8"?><module codename="eu.europa.ec.joinup.sat.nbdemetra.branding">
    <module_version install_time="1545227242504" last="true" origin="installer" specification_version="2.2.2">
        <file crc="302786477" name="config/Modules/eu-europa-ec-joinup-sat-nbdemetra-branding.xml"/>
        <file crc="2017480771" name="core/locale/core_nbdemetra.jar"/>
        <file crc="1863339895" name="modules/eu-europa-ec-joinup-sat-nbdemetra-branding.jar"/>
        <file crc="530139241" name="modules/locale/eu-europa-ec-joinup-sat-nbdemetra-sa_nbdemetra.jar"/>
        <file crc="2192724108" name="modules/locale/org-netbeans-core-windows_nbdemetra.jar"/>
        <file crc="3829933216" name="modules/locale/org-netbeans-core_nbdemetra.jar"/>
        <file crc="1299534043" name="update_tracking/eu-europa-ec-joinup-sat-nbdemetra-branding.xml"/>
    </module_version>
</module>
