<?xml version="1.0" encoding="UTF-8"?><module codename="org.netbeans.core.multitabs/1">
    <module_version install_time="1523883746336" last="true" origin="installer" specification_version="1.12.1.1">
        <file crc="3018881510" name="config/Modules/org-netbeans-core-multitabs.xml"/>
        <file crc="63868861" name="modules/locale/org-netbeans-core-multitabs_ja.jar"/>
        <file crc="3436687136" name="modules/locale/org-netbeans-core-multitabs_pt_BR.jar"/>
        <file crc="903179262" name="modules/locale/org-netbeans-core-multitabs_ru.jar"/>
        <file crc="2609381371" name="modules/locale/org-netbeans-core-multitabs_zh_CN.jar"/>
        <file crc="2215852113" name="modules/org-netbeans-core-multitabs.jar"/>
    </module_version>
</module>
