<?xml version="1.0" encoding="UTF-8"?><module codename="org.netbeans.modules.javahelp/1">
    <module_version install_time="1523883753242" last="true" origin="installer" specification_version="2.41.1">
        <file crc="3126457443" name="config/Modules/org-netbeans-modules-javahelp.xml"/>
        <file crc="2051790136" name="modules/ext/jhall-2.0_05.jar"/>
        <file crc="40596242" name="modules/locale/org-netbeans-modules-javahelp_ja.jar"/>
        <file crc="188112411" name="modules/locale/org-netbeans-modules-javahelp_pt_BR.jar"/>
        <file crc="1682707177" name="modules/locale/org-netbeans-modules-javahelp_ru.jar"/>
        <file crc="1899695675" name="modules/locale/org-netbeans-modules-javahelp_zh_CN.jar"/>
        <file crc="589935251" name="modules/org-netbeans-modules-javahelp.jar"/>
    </module_version>
</module>
