<?xml version="1.0" encoding="UTF-8"?><module codename="org.netbeans.modules.keyring.fallback">
    <module_version install_time="1523883747605" last="true" origin="installer" specification_version="1.8.1">
        <file crc="1307470414" name="config/Modules/org-netbeans-modules-keyring-fallback.xml"/>
        <file crc="1051325201" name="modules/locale/org-netbeans-modules-keyring-fallback_ja.jar"/>
        <file crc="2521150126" name="modules/locale/org-netbeans-modules-keyring-fallback_pt_BR.jar"/>
        <file crc="840689876" name="modules/locale/org-netbeans-modules-keyring-fallback_ru.jar"/>
        <file crc="144627596" name="modules/locale/org-netbeans-modules-keyring-fallback_zh_CN.jar"/>
        <file crc="4263539199" name="modules/org-netbeans-modules-keyring-fallback.jar"/>
    </module_version>
</module>
