<?xml version="1.0" encoding="UTF-8"?><module codename="org.openide.loaders">
    <module_version install_time="1523883751323" last="true" origin="installer" specification_version="7.66.1">
        <file crc="1642338946" name="config/ModuleAutoDeps/org-openide-loaders.xml"/>
        <file crc="3241200" name="config/Modules/org-openide-loaders.xml"/>
        <file crc="1171316934" name="modules/locale/org-openide-loaders_ja.jar"/>
        <file crc="3943853228" name="modules/locale/org-openide-loaders_pt_BR.jar"/>
        <file crc="4141485787" name="modules/locale/org-openide-loaders_ru.jar"/>
        <file crc="997950392" name="modules/locale/org-openide-loaders_zh_CN.jar"/>
        <file crc="2919983496" name="modules/org-openide-loaders.jar"/>
    </module_version>
</module>
