<?xml version="1.0" encoding="UTF-8"?><module codename="org.netbeans.modules.autoupdate.cli">
    <module_version install_time="1523883747319" last="true" origin="installer" specification_version="1.13.1">
        <file crc="1140292232" name="config/Modules/org-netbeans-modules-autoupdate-cli.xml"/>
        <file crc="2684185768" name="modules/locale/org-netbeans-modules-autoupdate-cli_ja.jar"/>
        <file crc="73338492" name="modules/locale/org-netbeans-modules-autoupdate-cli_pt_BR.jar"/>
        <file crc="4218302678" name="modules/locale/org-netbeans-modules-autoupdate-cli_ru.jar"/>
        <file crc="622104208" name="modules/locale/org-netbeans-modules-autoupdate-cli_zh_CN.jar"/>
        <file crc="3779048000" name="modules/org-netbeans-modules-autoupdate-cli.jar"/>
    </module_version>
</module>
