<?xml version="1.0" encoding="UTF-8"?><module codename="org.netbeans.api.templates">
    <module_version install_time="1523883751376" last="true" origin="installer" specification_version="1.7.1">
        <file crc="715791124" name="config/Modules/org-netbeans-api-templates.xml"/>
        <file crc="3849012239" name="modules/locale/org-netbeans-api-templates_ja.jar"/>
        <file crc="3560668957" name="modules/locale/org-netbeans-api-templates_pt_BR.jar"/>
        <file crc="1473624387" name="modules/locale/org-netbeans-api-templates_ru.jar"/>
        <file crc="2837694449" name="modules/locale/org-netbeans-api-templates_zh_CN.jar"/>
        <file crc="496022651" name="modules/org-netbeans-api-templates.jar"/>
    </module_version>
</module>
