<?xml version="1.0" encoding="UTF-8"?><module codename="eu.europa.ec.joinup.sat.nbdemetra.odbc">
    <module_version install_time="1594118061627" last="true" origin="installer" specification_version="2.2.3">
        <file crc="3068176808" name="config/Modules/eu-europa-ec-joinup-sat-nbdemetra-odbc.xml"/>
        <file crc="3337931253" name="modules/eu-europa-ec-joinup-sat-nbdemetra-odbc.jar"/>
        <file crc="717884047" name="modules/ext/eu.europa.ec.joinup.sat.nbdemetra-odbc/be-nbb-rd/java-sql-lhod.jar"/>
        <file crc="375755732" name="modules/ext/eu.europa.ec.joinup.sat.nbdemetra-odbc/be-nbb-rd/java-sql-odbc.jar"/>
        <file crc="162038424" name="modules/ext/eu.europa.ec.joinup.sat.nbdemetra-odbc/eu-europa-ec-joinup-sat/demetra-odbc.jar"/>
        <file crc="2667129236" name="update_tracking/eu-europa-ec-joinup-sat-nbdemetra-odbc.xml"/>
    </module_version>
</module>
