<?xml version="1.0" encoding="UTF-8"?><module codename="eu.europa.ec.joinup.sat.nbdemetra.branding">
    <module_version install_time="1594118061374" last="true" origin="installer" specification_version="2.2.3">
        <file crc="302786477" name="config/Modules/eu-europa-ec-joinup-sat-nbdemetra-branding.xml"/>
        <file crc="707993690" name="core/locale/core_nbdemetra.jar"/>
        <file crc="535166699" name="modules/eu-europa-ec-joinup-sat-nbdemetra-branding.jar"/>
        <file crc="834136173" name="modules/locale/eu-europa-ec-joinup-sat-nbdemetra-sa_nbdemetra.jar"/>
        <file crc="283814971" name="modules/locale/org-netbeans-core-windows_nbdemetra.jar"/>
        <file crc="1626972900" name="modules/locale/org-netbeans-core_nbdemetra.jar"/>
        <file crc="605951267" name="update_tracking/eu-europa-ec-joinup-sat-nbdemetra-branding.xml"/>
    </module_version>
</module>
