<?xml version="1.0" encoding="UTF-8"?><module codename="eu.europa.ec.joinup.sat.nbdemetra.spreadsheet">
    <module_version install_time="1543409318866" last="true" origin="installer" specification_version="2.2.2">
        <file crc="2290505336" name="config/Modules/eu-europa-ec-joinup-sat-nbdemetra-spreadsheet.xml"/>
        <file crc="3221906149" name="modules/eu-europa-ec-joinup-sat-nbdemetra-spreadsheet.jar"/>
        <file crc="665802104" name="modules/ext/eu.europa.ec.joinup.sat.nbdemetra-spreadsheet/com-github-virtuald/curvesapi.jar"/>
        <file crc="1487795355" name="modules/ext/eu.europa.ec.joinup.sat.nbdemetra-spreadsheet/commons-codec/commons-codec.jar"/>
        <file crc="3622240880" name="modules/ext/eu.europa.ec.joinup.sat.nbdemetra-spreadsheet/eu-europa-ec-joinup-sat/demetra-spreadsheet.jar"/>
        <file crc="4200732316" name="modules/ext/eu.europa.ec.joinup.sat.nbdemetra-spreadsheet/eu-europa-ec-joinup-sat/spreadsheet-api.jar"/>
        <file crc="2403579635" name="modules/ext/eu.europa.ec.joinup.sat.nbdemetra-spreadsheet/eu-europa-ec-joinup-sat/spreadsheet-html.jar"/>
        <file crc="395002719" name="modules/ext/eu.europa.ec.joinup.sat.nbdemetra-spreadsheet/eu-europa-ec-joinup-sat/spreadsheet-od.jar"/>
        <file crc="910852703" name="modules/ext/eu.europa.ec.joinup.sat.nbdemetra-spreadsheet/eu-europa-ec-joinup-sat/spreadsheet-poi.jar"/>
        <file crc="3129123744" name="modules/ext/eu.europa.ec.joinup.sat.nbdemetra-spreadsheet/eu-europa-ec-joinup-sat/spreadsheet-xmlss.jar"/>
        <file crc="1110804412" name="modules/ext/eu.europa.ec.joinup.sat.nbdemetra-spreadsheet/org-apache-commons/commons-collections4.jar"/>
        <file crc="1459538232" name="modules/ext/eu.europa.ec.joinup.sat.nbdemetra-spreadsheet/org-apache-commons/commons-compress.jar"/>
        <file crc="1522496893" name="modules/ext/eu.europa.ec.joinup.sat.nbdemetra-spreadsheet/org-apache-poi/poi-ooxml-schemas.jar"/>
        <file crc="2618269334" name="modules/ext/eu.europa.ec.joinup.sat.nbdemetra-spreadsheet/org-apache-poi/poi-ooxml.jar"/>
        <file crc="1529926417" name="modules/ext/eu.europa.ec.joinup.sat.nbdemetra-spreadsheet/org-apache-poi/poi.jar"/>
        <file crc="3928876023" name="modules/ext/eu.europa.ec.joinup.sat.nbdemetra-spreadsheet/org-apache-xmlbeans/xmlbeans.jar"/>
        <file crc="842053307" name="modules/ext/eu.europa.ec.joinup.sat.nbdemetra-spreadsheet/org-jopendocument/jOpenDocument.jar"/>
        <file crc="1527915007" name="modules/ext/eu.europa.ec.joinup.sat.nbdemetra-spreadsheet/org-jsoup/jsoup.jar"/>
        <file crc="878995477" name="update_tracking/eu-europa-ec-joinup-sat-nbdemetra-spreadsheet.xml"/>
    </module_version>
</module>
