<?xml version="1.0" encoding="UTF-8"?><module codename="eu.europa.ec.joinup.sat.nbdemetra.core">
    <module_version install_time="1543409318424" last="true" origin="installer" specification_version="2.2.2">
        <file crc="4290893292" name="config/Modules/eu-europa-ec-joinup-sat-nbdemetra-core.xml"/>
        <file crc="3808505432" name="modules/eu-europa-ec-joinup-sat-nbdemetra-core.jar"/>
        <file crc="2016045345" name="modules/ext/eu.europa.ec.joinup.sat.nbdemetra-core/be-nbb-rd/java-io-util.jar"/>
        <file crc="541077999" name="modules/ext/eu.europa.ec.joinup.sat.nbdemetra-core/com-google-code-findbugs/jsr305.jar"/>
        <file crc="4061769498" name="modules/ext/eu.europa.ec.joinup.sat.nbdemetra-core/com-google-guava/guava.jar"/>
        <file crc="1841541833" name="modules/ext/eu.europa.ec.joinup.sat.nbdemetra-core/eu-europa-ec-joinup-sat/demetra-tss.jar"/>
        <file crc="3865324187" name="modules/ext/eu.europa.ec.joinup.sat.nbdemetra-core/eu-europa-ec-joinup-sat/demetra-tstoolkit.jar"/>
        <file crc="1865821380" name="modules/ext/eu.europa.ec.joinup.sat.nbdemetra-core/eu-europa-ec-joinup-sat/demetra-utils.jar"/>
        <file crc="1339559420" name="modules/ext/eu.europa.ec.joinup.sat.nbdemetra-core/eu-europa-ec-joinup-sat/demetra-workspace.jar"/>
        <file crc="1960880449" name="modules/ext/eu.europa.ec.joinup.sat.nbdemetra-core/org-slf4j/jcl-over-slf4j.jar"/>
        <file crc="172552281" name="modules/ext/eu.europa.ec.joinup.sat.nbdemetra-core/org-slf4j/slf4j-api.jar"/>
        <file crc="2673726130" name="modules/ext/eu.europa.ec.joinup.sat.nbdemetra-core/org-slf4j/slf4j-jdk14.jar"/>
        <file crc="1014054320" name="modules/ext/eu.europa.ec.joinup.sat.nbdemetra-core/org-xerial-snappy/snappy-java.jar"/>
        <file crc="573781598" name="update_tracking/eu-europa-ec-joinup-sat-nbdemetra-core.xml"/>
    </module_version>
</module>
