<?xml version="1.0" encoding="UTF-8"?><module codename="eu.europa.ec.joinup.sat.nbdemetra.branding">
    <module_version install_time="1543409318355" last="true" origin="installer" specification_version="2.2.2">
        <file crc="302786477" name="config/Modules/eu-europa-ec-joinup-sat-nbdemetra-branding.xml"/>
        <file crc="1211304595" name="core/locale/core_nbdemetra.jar"/>
        <file crc="1538913881" name="modules/eu-europa-ec-joinup-sat-nbdemetra-branding.jar"/>
        <file crc="2742600754" name="modules/locale/eu-europa-ec-joinup-sat-nbdemetra-sa_nbdemetra.jar"/>
        <file crc="2094870877" name="modules/locale/org-netbeans-core-windows_nbdemetra.jar"/>
        <file crc="2610239536" name="modules/locale/org-netbeans-core_nbdemetra.jar"/>
        <file crc="2346483981" name="update_tracking/eu-europa-ec-joinup-sat-nbdemetra-branding.xml"/>
    </module_version>
</module>
