<?xml version="1.0" encoding="UTF-8"?><module codename="org.netbeans.modules.sendopts/2">
    <module_version install_time="1520592789759" last="true" origin="installer" specification_version="2.35.1">
        <file crc="3090052921" name="config/Modules/org-netbeans-modules-sendopts.xml"/>
        <file crc="1357017611" name="modules/locale/org-netbeans-modules-sendopts_ja.jar"/>
        <file crc="3736048208" name="modules/locale/org-netbeans-modules-sendopts_pt_BR.jar"/>
        <file crc="142022617" name="modules/locale/org-netbeans-modules-sendopts_ru.jar"/>
        <file crc="1844116798" name="modules/locale/org-netbeans-modules-sendopts_zh_CN.jar"/>
        <file crc="2163605857" name="modules/org-netbeans-modules-sendopts.jar"/>
    </module_version>
</module>
