<?xml version="1.0" encoding="UTF-8"?><module codename="eu.europa.ec.joinup.sat.nbdemetra.branding">
    <module_version install_time="1547556718929" last="true" origin="installer" specification_version="2.2.2">
        <file crc="302786477" name="config/Modules/eu-europa-ec-joinup-sat-nbdemetra-branding.xml"/>
        <file crc="3345934394" name="core/locale/core_nbdemetra.jar"/>
        <file crc="1665190054" name="modules/eu-europa-ec-joinup-sat-nbdemetra-branding.jar"/>
        <file crc="1060998778" name="modules/locale/eu-europa-ec-joinup-sat-nbdemetra-sa_nbdemetra.jar"/>
        <file crc="3318708564" name="modules/locale/org-netbeans-core-windows_nbdemetra.jar"/>
        <file crc="2760622275" name="modules/locale/org-netbeans-core_nbdemetra.jar"/>
        <file crc="2527301512" name="update_tracking/eu-europa-ec-joinup-sat-nbdemetra-branding.xml"/>
    </module_version>
</module>
