<?xml version="1.0" encoding="UTF-8"?><module codename="org.netbeans.modules.javahelp/1">
    <module_version install_time="1590569914809" last="true" origin="installer" specification_version="2.36.1">
        <file crc="3126457443" name="config/Modules/org-netbeans-modules-javahelp.xml"/>
        <file crc="2051790136" name="modules/ext/jhall-2.0_05.jar"/>
        <file crc="2042583004" name="modules/locale/org-netbeans-modules-javahelp_ja.jar"/>
        <file crc="1281992802" name="modules/locale/org-netbeans-modules-javahelp_pt_BR.jar"/>
        <file crc="4201269780" name="modules/locale/org-netbeans-modules-javahelp_ru.jar"/>
        <file crc="3701599981" name="modules/locale/org-netbeans-modules-javahelp_zh_CN.jar"/>
        <file crc="343776884" name="modules/org-netbeans-modules-javahelp.jar"/>
    </module_version>
</module>
