<?xml version="1.0" encoding="UTF-8"?><module codename="org.netbeans.modules.project.libraries/1">
    <module_version install_time="1523883750762" last="true" origin="installer" specification_version="1.53.1">
        <file crc="604614102" name="config/ModuleAutoDeps/org-netbeans-modules-project-libraries.xml"/>
        <file crc="2974763789" name="config/Modules/org-netbeans-modules-project-libraries.xml"/>
        <file crc="1061343798" name="modules/locale/org-netbeans-modules-project-libraries_ja.jar"/>
        <file crc="1887013321" name="modules/locale/org-netbeans-modules-project-libraries_pt_BR.jar"/>
        <file crc="334498167" name="modules/locale/org-netbeans-modules-project-libraries_ru.jar"/>
        <file crc="3783886894" name="modules/locale/org-netbeans-modules-project-libraries_zh_CN.jar"/>
        <file crc="846102835" name="modules/org-netbeans-modules-project-libraries.jar"/>
    </module_version>
</module>
