<?xml version="1.0" encoding="UTF-8"?><module codename="eu.europa.ec.joinup.sat.nbdemetra.branding">
    <module_version install_time="1590570085792" last="true" origin="installer" specification_version="2.2.3">
        <file crc="302786477" name="config/Modules/eu-europa-ec-joinup-sat-nbdemetra-branding.xml"/>
        <file crc="138229111" name="core/locale/core_nbdemetra.jar"/>
        <file crc="411845619" name="modules/eu-europa-ec-joinup-sat-nbdemetra-branding.jar"/>
        <file crc="1271538062" name="modules/locale/eu-europa-ec-joinup-sat-nbdemetra-sa_nbdemetra.jar"/>
        <file crc="846604193" name="modules/locale/org-netbeans-core-windows_nbdemetra.jar"/>
        <file crc="2977312956" name="modules/locale/org-netbeans-core_nbdemetra.jar"/>
        <file crc="662004881" name="update_tracking/eu-europa-ec-joinup-sat-nbdemetra-branding.xml"/>
    </module_version>
</module>
