<?xml version="1.0" encoding="UTF-8"?><module codename="eu.europa.ec.joinup.sat.nbdemetra.spreadsheet">
    <module_version install_time="1590570086195" last="true" origin="installer" specification_version="2.2.3">
        <file crc="2290505336" name="config/Modules/eu-europa-ec-joinup-sat-nbdemetra-spreadsheet.xml"/>
        <file crc="1288783589" name="modules/eu-europa-ec-joinup-sat-nbdemetra-spreadsheet.jar"/>
        <file crc="1611429976" name="modules/ext/eu.europa.ec.joinup.sat.nbdemetra-spreadsheet/com-github-miachm-sods/SODS.jar"/>
        <file crc="3518610995" name="modules/ext/eu.europa.ec.joinup.sat.nbdemetra-spreadsheet/com-github-virtuald/curvesapi.jar"/>
        <file crc="3342430456" name="modules/ext/eu.europa.ec.joinup.sat.nbdemetra-spreadsheet/com-zaxxer/SparseBitSet.jar"/>
        <file crc="521540795" name="modules/ext/eu.europa.ec.joinup.sat.nbdemetra-spreadsheet/commons-codec/commons-codec.jar"/>
        <file crc="2684540395" name="modules/ext/eu.europa.ec.joinup.sat.nbdemetra-spreadsheet/eu-europa-ec-joinup-sat/demetra-spreadsheet.jar"/>
        <file crc="3646743758" name="modules/ext/eu.europa.ec.joinup.sat.nbdemetra-spreadsheet/eu-europa-ec-joinup-sat/spreadsheet-api.jar"/>
        <file crc="3624637567" name="modules/ext/eu.europa.ec.joinup.sat.nbdemetra-spreadsheet/eu-europa-ec-joinup-sat/spreadsheet-html.jar"/>
        <file crc="2097142297" name="modules/ext/eu.europa.ec.joinup.sat.nbdemetra-spreadsheet/eu-europa-ec-joinup-sat/spreadsheet-od.jar"/>
        <file crc="226828420" name="modules/ext/eu.europa.ec.joinup.sat.nbdemetra-spreadsheet/eu-europa-ec-joinup-sat/spreadsheet-poi.jar"/>
        <file crc="1641940677" name="modules/ext/eu.europa.ec.joinup.sat.nbdemetra-spreadsheet/eu-europa-ec-joinup-sat/spreadsheet-util.jar"/>
        <file crc="1081132235" name="modules/ext/eu.europa.ec.joinup.sat.nbdemetra-spreadsheet/eu-europa-ec-joinup-sat/spreadsheet-xmlss.jar"/>
        <file crc="1749545171" name="modules/ext/eu.europa.ec.joinup.sat.nbdemetra-spreadsheet/org-apache-commons/commons-collections4.jar"/>
        <file crc="430854545" name="modules/ext/eu.europa.ec.joinup.sat.nbdemetra-spreadsheet/org-apache-commons/commons-compress.jar"/>
        <file crc="1566188769" name="modules/ext/eu.europa.ec.joinup.sat.nbdemetra-spreadsheet/org-apache-commons/commons-math3.jar"/>
        <file crc="235282010" name="modules/ext/eu.europa.ec.joinup.sat.nbdemetra-spreadsheet/org-apache-poi/poi-ooxml-schemas.jar"/>
        <file crc="101703628" name="modules/ext/eu.europa.ec.joinup.sat.nbdemetra-spreadsheet/org-apache-poi/poi-ooxml.jar"/>
        <file crc="4269052442" name="modules/ext/eu.europa.ec.joinup.sat.nbdemetra-spreadsheet/org-apache-poi/poi.jar"/>
        <file crc="2279305130" name="modules/ext/eu.europa.ec.joinup.sat.nbdemetra-spreadsheet/org-apache-xmlbeans/xmlbeans.jar"/>
        <file crc="440754435" name="modules/ext/eu.europa.ec.joinup.sat.nbdemetra-spreadsheet/org-jsoup/jsoup.jar"/>
        <file crc="1149653137" name="update_tracking/eu-europa-ec-joinup-sat-nbdemetra-spreadsheet.xml"/>
    </module_version>
</module>
