<?xml version="1.0" encoding="UTF-8"?><module codename="eu.europa.ec.joinup.sat.nbdemetra.core">
    <module_version install_time="1590570085867" last="true" origin="installer" specification_version="2.2.3">
        <file crc="4290893292" name="config/Modules/eu-europa-ec-joinup-sat-nbdemetra-core.xml"/>
        <file crc="877442226" name="modules/eu-europa-ec-joinup-sat-nbdemetra-core.jar"/>
        <file crc="945591706" name="modules/ext/eu.europa.ec.joinup.sat.nbdemetra-core/be-nbb-rd/java-io-base.jar"/>
        <file crc="952366336" name="modules/ext/eu.europa.ec.joinup.sat.nbdemetra-core/be-nbb-rd/java-io-xml.jar"/>
        <file crc="4111052860" name="modules/ext/eu.europa.ec.joinup.sat.nbdemetra-core/com-github-stephenc-jcip/jcip-annotations.jar"/>
        <file crc="2951600616" name="modules/ext/eu.europa.ec.joinup.sat.nbdemetra-core/com-google-code-findbugs/jsr305.jar"/>
        <file crc="3661973777" name="modules/ext/eu.europa.ec.joinup.sat.nbdemetra-core/com-google-errorprone/error_prone_annotations.jar"/>
        <file crc="3279890993" name="modules/ext/eu.europa.ec.joinup.sat.nbdemetra-core/com-google-guava/guava.jar"/>
        <file crc="3332531509" name="modules/ext/eu.europa.ec.joinup.sat.nbdemetra-core/com-google-j2objc/j2objc-annotations.jar"/>
        <file crc="149105252" name="modules/ext/eu.europa.ec.joinup.sat.nbdemetra-core/com-sun-istack/istack-commons-runtime.jar"/>
        <file crc="1086365513" name="modules/ext/eu.europa.ec.joinup.sat.nbdemetra-core/com-sun-xml-fastinfoset/FastInfoset.jar"/>
        <file crc="1961127993" name="modules/ext/eu.europa.ec.joinup.sat.nbdemetra-core/eu-europa-ec-joinup-sat/demetra-tss.jar"/>
        <file crc="3919771015" name="modules/ext/eu.europa.ec.joinup.sat.nbdemetra-core/eu-europa-ec-joinup-sat/demetra-tstoolkit.jar"/>
        <file crc="4004317136" name="modules/ext/eu.europa.ec.joinup.sat.nbdemetra-core/eu-europa-ec-joinup-sat/demetra-utils.jar"/>
        <file crc="4208153671" name="modules/ext/eu.europa.ec.joinup.sat.nbdemetra-core/eu-europa-ec-joinup-sat/demetra-workspace.jar"/>
        <file crc="1504658669" name="modules/ext/eu.europa.ec.joinup.sat.nbdemetra-core/javax-activation/javax.activation-api.jar"/>
        <file crc="2168908005" name="modules/ext/eu.europa.ec.joinup.sat.nbdemetra-core/javax-xml-bind/jaxb-api.jar"/>
        <file crc="3155375578" name="modules/ext/eu.europa.ec.joinup.sat.nbdemetra-core/org-codehaus-mojo/animal-sniffer-annotations.jar"/>
        <file crc="2465680657" name="modules/ext/eu.europa.ec.joinup.sat.nbdemetra-core/org-glassfish-jaxb/jaxb-runtime.jar"/>
        <file crc="2699876325" name="modules/ext/eu.europa.ec.joinup.sat.nbdemetra-core/org-glassfish-jaxb/txw2.jar"/>
        <file crc="4282458477" name="modules/ext/eu.europa.ec.joinup.sat.nbdemetra-core/org-jvnet-staxex/stax-ex.jar"/>
        <file crc="3433481475" name="modules/ext/eu.europa.ec.joinup.sat.nbdemetra-core/org-slf4j/jcl-over-slf4j.jar"/>
        <file crc="1722307310" name="modules/ext/eu.europa.ec.joinup.sat.nbdemetra-core/org-slf4j/slf4j-api.jar"/>
        <file crc="3817980376" name="modules/ext/eu.europa.ec.joinup.sat.nbdemetra-core/org-slf4j/slf4j-jdk14.jar"/>
        <file crc="1093059223" name="update_tracking/eu-europa-ec-joinup-sat-nbdemetra-core.xml"/>
    </module_version>
</module>
