<?xml version="1.0" encoding="UTF-8"?><module codename="org.netbeans.modules.dbapi">
    <module_version install_time="1543409168493" last="true" origin="installer" specification_version="1.34.1.30">
        <file crc="3641521545" name="config/Modules/org-netbeans-modules-dbapi.xml"/>
        <file crc="1036328836" name="modules/locale/org-netbeans-modules-dbapi_ja.jar"/>
        <file crc="2341153" name="modules/locale/org-netbeans-modules-dbapi_pt_BR.jar"/>
        <file crc="4217160591" name="modules/locale/org-netbeans-modules-dbapi_ru.jar"/>
        <file crc="2618056042" name="modules/locale/org-netbeans-modules-dbapi_zh_CN.jar"/>
        <file crc="3241250774" name="modules/org-netbeans-modules-dbapi.jar"/>
    </module_version>
</module>
