<?xml version="1.0" encoding="UTF-8"?><module codename="eu.europa.ec.joinup.sat.nbdemetra.ui">
    <module_version install_time="1507814270282" last="true" origin="installer" specification_version="2.0.0">
        <file crc="3673705855" name="config/Modules/eu-europa-ec-joinup-sat-nbdemetra-ui.xml"/>
        <file crc="541969066" name="modules/eu-europa-ec-joinup-sat-nbdemetra-ui.jar"/>
        <file crc="2239808054" name="modules/ext/eu.europa.ec.joinup.sat.nbdemetra-ui/com-l2fprod-common/l2fprod-common-all.jar"/>
        <file crc="385887944" name="modules/ext/eu.europa.ec.joinup.sat.nbdemetra-ui/com-miglayout/miglayout.jar"/>
        <file crc="61254841" name="modules/ext/eu.europa.ec.joinup.sat.nbdemetra-ui/com-toedter/jcalendar.jar"/>
        <file crc="559815367" name="modules/ext/eu.europa.ec.joinup.sat.nbdemetra-ui/eu-europa-ec-joinup-sat/nbdemetra-utils.jar"/>
        <file crc="851109511" name="modules/ext/eu.europa.ec.joinup.sat.nbdemetra-ui/net-java-dev-jna/jna.jar"/>
        <file crc="2885464875" name="modules/ext/eu.europa.ec.joinup.sat.nbdemetra-ui/net-java-dev-jna/platform.jar"/>
        <file crc="4135575409" name="modules/ext/eu.europa.ec.joinup.sat.nbdemetra-ui/org-jfree/jcommon.jar"/>
        <file crc="2688481381" name="modules/ext/eu.europa.ec.joinup.sat.nbdemetra-ui/org-jfree/jfreechart.jar"/>
        <file crc="3379943687" name="modules/ext/eu.europa.ec.joinup.sat.nbdemetra-ui/org-swinglabs/swing-layout.jar"/>
        <file crc="2858981287" name="update_tracking/eu-europa-ec-joinup-sat-nbdemetra-ui.xml"/>
    </module_version>
</module>
