<?xml version="1.0" encoding="UTF-8"?><module codename="eu.europa.ec.joinup.sat.nbdemetra.spreadsheet">
    <module_version install_time="1507814270943" last="true" origin="installer" specification_version="2.0.0">
        <file crc="2290505336" name="config/Modules/eu-europa-ec-joinup-sat-nbdemetra-spreadsheet.xml"/>
        <file crc="3324363192" name="modules/eu-europa-ec-joinup-sat-nbdemetra-spreadsheet.jar"/>
        <file crc="1991922540" name="modules/ext/eu.europa.ec.joinup.sat.nbdemetra-spreadsheet/commons-codec/commons-codec.jar"/>
        <file crc="2050839146" name="modules/ext/eu.europa.ec.joinup.sat.nbdemetra-spreadsheet/dom4j/dom4j.jar"/>
        <file crc="62709423" name="modules/ext/eu.europa.ec.joinup.sat.nbdemetra-spreadsheet/eu-europa-ec-joinup-sat/demetra-spreadsheet.jar"/>
        <file crc="422586851" name="modules/ext/eu.europa.ec.joinup.sat.nbdemetra-spreadsheet/eu-europa-ec-joinup-sat/spreadsheet-api.jar"/>
        <file crc="1653171335" name="modules/ext/eu.europa.ec.joinup.sat.nbdemetra-spreadsheet/eu-europa-ec-joinup-sat/spreadsheet-html.jar"/>
        <file crc="1274848610" name="modules/ext/eu.europa.ec.joinup.sat.nbdemetra-spreadsheet/eu-europa-ec-joinup-sat/spreadsheet-od.jar"/>
        <file crc="143873198" name="modules/ext/eu.europa.ec.joinup.sat.nbdemetra-spreadsheet/eu-europa-ec-joinup-sat/spreadsheet-poi.jar"/>
        <file crc="1821563605" name="modules/ext/eu.europa.ec.joinup.sat.nbdemetra-spreadsheet/eu-europa-ec-joinup-sat/spreadsheet-xmlss.jar"/>
        <file crc="2549026757" name="modules/ext/eu.europa.ec.joinup.sat.nbdemetra-spreadsheet/org-apache-poi/poi-ooxml-schemas.jar"/>
        <file crc="2620853385" name="modules/ext/eu.europa.ec.joinup.sat.nbdemetra-spreadsheet/org-apache-poi/poi-ooxml.jar"/>
        <file crc="2205343299" name="modules/ext/eu.europa.ec.joinup.sat.nbdemetra-spreadsheet/org-apache-poi/poi.jar"/>
        <file crc="3116060521" name="modules/ext/eu.europa.ec.joinup.sat.nbdemetra-spreadsheet/org-apache-xmlbeans/xmlbeans.jar"/>
        <file crc="842053307" name="modules/ext/eu.europa.ec.joinup.sat.nbdemetra-spreadsheet/org-jopendocument/jOpenDocument.jar"/>
        <file crc="3563037387" name="modules/ext/eu.europa.ec.joinup.sat.nbdemetra-spreadsheet/xml-apis/xml-apis.jar"/>
        <file crc="1336260328" name="update_tracking/eu-europa-ec-joinup-sat-nbdemetra-spreadsheet.xml"/>
    </module_version>
</module>
