<?xml version="1.0" encoding="UTF-8"?><module codename="eu.europa.ec.joinup.sat.nbdemetra.branding">
    <module_version install_time="1507814269724" last="true" origin="installer" specification_version="2.0.0">
        <file crc="302786477" name="config/Modules/eu-europa-ec-joinup-sat-nbdemetra-branding.xml"/>
        <file crc="3832548596" name="core/locale/core_nbdemetra.jar"/>
        <file crc="1490172694" name="modules/eu-europa-ec-joinup-sat-nbdemetra-branding.jar"/>
        <file crc="1656938594" name="modules/locale/org-netbeans-core-windows_nbdemetra.jar"/>
        <file crc="2964600136" name="modules/locale/org-netbeans-core_nbdemetra.jar"/>
        <file crc="2047610117" name="update_tracking/eu-europa-ec-joinup-sat-nbdemetra-branding.xml"/>
    </module_version>
</module>
