<?xml version="1.0" encoding="UTF-8"?><module codename="org.netbeans.modules.keyring.impl">
    <module_version install_time="1507815935198" last="true" origin="installer" specification_version="1.20.1">
        <file crc="729697579" name="config/Modules/org-netbeans-modules-keyring-impl.xml"/>
        <file crc="2923062128" name="modules/locale/org-netbeans-modules-keyring-impl_ja.jar"/>
        <file crc="2107351095" name="modules/locale/org-netbeans-modules-keyring-impl_pt_BR.jar"/>
        <file crc="2205937" name="modules/locale/org-netbeans-modules-keyring-impl_ru.jar"/>
        <file crc="3266975484" name="modules/locale/org-netbeans-modules-keyring-impl_zh_CN.jar"/>
        <file crc="856397826" name="modules/org-netbeans-modules-keyring-impl.jar"/>
    </module_version>
</module>
