<?xml version="1.0" encoding="UTF-8"?><module codename="org.netbeans.lib.uihandler">
    <module_version install_time="1507815934159" last="true" origin="installer" specification_version="1.41.1">
        <file crc="4049691764" name="config/Modules/org-netbeans-lib-uihandler.xml"/>
        <file crc="1631107071" name="modules/locale/org-netbeans-lib-uihandler_ja.jar"/>
        <file crc="1621451715" name="modules/locale/org-netbeans-lib-uihandler_pt_BR.jar"/>
        <file crc="3887969088" name="modules/locale/org-netbeans-lib-uihandler_ru.jar"/>
        <file crc="1840741817" name="modules/locale/org-netbeans-lib-uihandler_zh_CN.jar"/>
        <file crc="2715314049" name="modules/org-netbeans-lib-uihandler.jar"/>
    </module_version>
</module>
