<?xml version="1.0" encoding="UTF-8"?><module codename="org.openide.text">
    <module_version install_time="1507815941378" last="true" origin="installer" specification_version="6.62.2">
        <file crc="2441864466" name="config/ModuleAutoDeps/org-openide-text.xml"/>
        <file crc="1795978028" name="config/Modules/org-openide-text.xml"/>
        <file crc="2296281336" name="modules/locale/org-openide-text_ja.jar"/>
        <file crc="2285404547" name="modules/locale/org-openide-text_pt_BR.jar"/>
        <file crc="3766203174" name="modules/locale/org-openide-text_ru.jar"/>
        <file crc="3737506379" name="modules/locale/org-openide-text_zh_CN.jar"/>
        <file crc="1918108091" name="modules/org-openide-text.jar"/>
    </module_version>
</module>
