<?xml version="1.0" encoding="UTF-8"?><module codename="org.openide.modules">
    <module_version install_time="1507815941867" last="true" origin="installer" specification_version="7.43.1">
        <file crc="1391508081" name="config/ModuleAutoDeps/org-openide-modules.xml"/>
        <file crc="535368702" name="lib/locale/org-openide-modules_ja.jar"/>
        <file crc="3887776310" name="lib/locale/org-openide-modules_pt_BR.jar"/>
        <file crc="1094138869" name="lib/locale/org-openide-modules_ru.jar"/>
        <file crc="798675566" name="lib/locale/org-openide-modules_zh_CN.jar"/>
        <file crc="19516807" name="lib/org-openide-modules.jar"/>
    </module_version>
</module>
