<?xml version="1.0" encoding="UTF-8"?><module codename="org.netbeans.core.windows/2">
    <module_version install_time="1507815934080" last="true" origin="installer" specification_version="2.77.2">
        <file crc="1059846727" name="config/Modules/org-netbeans-core-windows.xml"/>
        <file crc="3694481195" name="modules/locale/org-netbeans-core-windows_ja.jar"/>
        <file crc="4252205207" name="modules/locale/org-netbeans-core-windows_pt_BR.jar"/>
        <file crc="3158998505" name="modules/locale/org-netbeans-core-windows_ru.jar"/>
        <file crc="651443523" name="modules/locale/org-netbeans-core-windows_zh_CN.jar"/>
        <file crc="4107083671" name="modules/org-netbeans-core-windows.jar"/>
    </module_version>
</module>
