<?xml version="1.0" encoding="UTF-8"?><module codename="org.netbeans.modules.editor.mimelookup/1">
    <module_version install_time="1507815941330" last="true" origin="installer" specification_version="1.36.1">
        <file crc="244035803" name="config/Modules/org-netbeans-modules-editor-mimelookup.xml"/>
        <file crc="2659770719" name="modules/locale/org-netbeans-modules-editor-mimelookup_ja.jar"/>
        <file crc="3970920477" name="modules/locale/org-netbeans-modules-editor-mimelookup_pt_BR.jar"/>
        <file crc="3948601684" name="modules/locale/org-netbeans-modules-editor-mimelookup_ru.jar"/>
        <file crc="2415722056" name="modules/locale/org-netbeans-modules-editor-mimelookup_zh_CN.jar"/>
        <file crc="100044522" name="modules/org-netbeans-modules-editor-mimelookup.jar"/>
    </module_version>
</module>
