<?xml version="1.0" encoding="UTF-8"?><module codename="org.netbeans.modules.masterfs.linux">
    <module_version install_time="1507815935227" last="true" origin="installer" specification_version="1.10.1">
        <file crc="367044464" name="config/Modules/org-netbeans-modules-masterfs-linux.xml"/>
        <file crc="1657894107" name="modules/locale/org-netbeans-modules-masterfs-linux_ja.jar"/>
        <file crc="1445840518" name="modules/locale/org-netbeans-modules-masterfs-linux_pt_BR.jar"/>
        <file crc="2340810759" name="modules/locale/org-netbeans-modules-masterfs-linux_ru.jar"/>
        <file crc="3054424686" name="modules/locale/org-netbeans-modules-masterfs-linux_zh_CN.jar"/>
        <file crc="1978211171" name="modules/org-netbeans-modules-masterfs-linux.jar"/>
    </module_version>
</module>
