<?xml version="1.0" encoding="UTF-8"?><module codename="org.openide.util.enumerations">
    <module_version install_time="1507815936218" last="true" origin="installer" specification_version="6.30.1">
        <file crc="4290833959" name="config/Modules/org-openide-util-enumerations.xml"/>
        <file crc="4076914539" name="modules/locale/org-openide-util-enumerations_ja.jar"/>
        <file crc="197103288" name="modules/locale/org-openide-util-enumerations_pt_BR.jar"/>
        <file crc="774001732" name="modules/locale/org-openide-util-enumerations_ru.jar"/>
        <file crc="91387548" name="modules/locale/org-openide-util-enumerations_zh_CN.jar"/>
        <file crc="2204047777" name="modules/org-openide-util-enumerations.jar"/>
    </module_version>
</module>
