<?xml version="1.0" encoding="UTF-8"?><module codename="org.openide.explorer">
    <module_version install_time="1507815942409" last="true" origin="installer" specification_version="6.57.1">
        <file crc="4044847399" name="config/ModuleAutoDeps/org-openide-explorer.xml"/>
        <file crc="3046209104" name="config/Modules/org-openide-explorer.xml"/>
        <file crc="2136244009" name="modules/locale/org-openide-explorer_ja.jar"/>
        <file crc="1045189078" name="modules/locale/org-openide-explorer_pt_BR.jar"/>
        <file crc="846870303" name="modules/locale/org-openide-explorer_ru.jar"/>
        <file crc="1703602041" name="modules/locale/org-openide-explorer_zh_CN.jar"/>
        <file crc="2980818285" name="modules/org-openide-explorer.jar"/>
    </module_version>
</module>
