<?xml version="1.0" encoding="UTF-8"?><module codename="org.netbeans.swing.tabcontrol">
    <module_version install_time="1507815942468" last="true" origin="installer" specification_version="1.51.1">
        <file crc="327432460" name="config/Modules/org-netbeans-swing-tabcontrol.xml"/>
        <file crc="3789536752" name="modules/locale/org-netbeans-swing-tabcontrol_ja.jar"/>
        <file crc="1873277070" name="modules/locale/org-netbeans-swing-tabcontrol_pt_BR.jar"/>
        <file crc="3736640875" name="modules/locale/org-netbeans-swing-tabcontrol_ru.jar"/>
        <file crc="4149757428" name="modules/locale/org-netbeans-swing-tabcontrol_zh_CN.jar"/>
        <file crc="99051290" name="modules/org-netbeans-swing-tabcontrol.jar"/>
    </module_version>
</module>
