<?xml version="1.0" encoding="UTF-8"?><module codename="org.netbeans.libs.testng/1">
    <module_version install_time="1507815934842" last="true" origin="installer" specification_version="1.11.1">
        <file crc="1204579547" name="config/Modules/org-netbeans-libs-testng.xml"/>
        <file crc="1056733017" name="docs/testng-6.8.1-javadoc.zip"/>
        <file crc="10064524" name="modules/ext/testng-6.8.1-dist.jar"/>
        <file crc="1206564489" name="modules/locale/org-netbeans-libs-testng_ja.jar"/>
        <file crc="345221380" name="modules/locale/org-netbeans-libs-testng_pt_BR.jar"/>
        <file crc="203866046" name="modules/locale/org-netbeans-libs-testng_ru.jar"/>
        <file crc="2587718627" name="modules/locale/org-netbeans-libs-testng_zh_CN.jar"/>
        <file crc="3171349487" name="modules/org-netbeans-libs-testng.jar"/>
    </module_version>
</module>
