<?xml version="1.0" encoding="UTF-8"?><module codename="org.netbeans.core.output2/1">
    <module_version install_time="1507815933899" last="true" origin="installer" specification_version="1.37.1">
        <file crc="1198063063" name="config/Modules/org-netbeans-core-output2.xml"/>
        <file crc="471751970" name="modules/locale/org-netbeans-core-output2_ja.jar"/>
        <file crc="391119893" name="modules/locale/org-netbeans-core-output2_pt_BR.jar"/>
        <file crc="4276635332" name="modules/locale/org-netbeans-core-output2_ru.jar"/>
        <file crc="1245597834" name="modules/locale/org-netbeans-core-output2_zh_CN.jar"/>
        <file crc="422400675" name="modules/org-netbeans-core-output2.jar"/>
    </module_version>
</module>
