<?xml version="1.0" encoding="UTF-8"?><module codename="org.openide.filesystems">
    <module_version install_time="1507815941235" last="true" origin="installer" specification_version="8.12.1">
        <file crc="4169761098" name="config/ModuleAutoDeps/org-openide-filesystems.xml"/>
        <file crc="4211335018" name="core/locale/org-openide-filesystems_ja.jar"/>
        <file crc="663596998" name="core/locale/org-openide-filesystems_pt_BR.jar"/>
        <file crc="2429335592" name="core/locale/org-openide-filesystems_ru.jar"/>
        <file crc="375527515" name="core/locale/org-openide-filesystems_zh_CN.jar"/>
        <file crc="2247431188" name="core/org-openide-filesystems.jar"/>
    </module_version>
</module>
