<?xml version="1.0" encoding="UTF-8"?><module codename="org.netbeans.api.search">
    <module_version install_time="1507815933627" last="true" origin="installer" specification_version="1.17.1">
        <file crc="3710953649" name="config/Modules/org-netbeans-api-search.xml"/>
        <file crc="3253646988" name="modules/locale/org-netbeans-api-search_ja.jar"/>
        <file crc="365044574" name="modules/locale/org-netbeans-api-search_pt_BR.jar"/>
        <file crc="4015123204" name="modules/locale/org-netbeans-api-search_ru.jar"/>
        <file crc="2457954483" name="modules/locale/org-netbeans-api-search_zh_CN.jar"/>
        <file crc="2574614700" name="modules/org-netbeans-api-search.jar"/>
    </module_version>
</module>
