<?xml version="1.0" encoding="UTF-8"?><module codename="org.openide.awt">
    <module_version install_time="1507815942325" last="true" origin="installer" specification_version="7.62.1">
        <file crc="3208246121" name="config/Modules/org-openide-awt.xml"/>
        <file crc="2707407898" name="modules/locale/org-openide-awt_ja.jar"/>
        <file crc="363404561" name="modules/locale/org-openide-awt_pt_BR.jar"/>
        <file crc="2473042042" name="modules/locale/org-openide-awt_ru.jar"/>
        <file crc="278861938" name="modules/locale/org-openide-awt_zh_CN.jar"/>
        <file crc="2419441809" name="modules/org-openide-awt.jar"/>
    </module_version>
</module>
