<?xml version="1.0" encoding="UTF-8"?><module codename="org.netbeans.modules.masterfs.macosx">
    <module_version install_time="1507815935242" last="true" origin="installer" specification_version="1.10.1">
        <file crc="4284776310" name="config/Modules/org-netbeans-modules-masterfs-macosx.xml"/>
        <file crc="1767531399" name="modules/locale/org-netbeans-modules-masterfs-macosx_ja.jar"/>
        <file crc="4055221630" name="modules/locale/org-netbeans-modules-masterfs-macosx_pt_BR.jar"/>
        <file crc="4146875447" name="modules/locale/org-netbeans-modules-masterfs-macosx_ru.jar"/>
        <file crc="1323728138" name="modules/locale/org-netbeans-modules-masterfs-macosx_zh_CN.jar"/>
        <file crc="2480221970" name="modules/org-netbeans-modules-masterfs-macosx.jar"/>
    </module_version>
</module>
