<?xml version="1.0" encoding="UTF-8"?><module codename="org.netbeans.swing.outline">
    <module_version install_time="1543409170124" last="true" origin="installer" specification_version="1.34.1">
        <file crc="3679534386" name="config/Modules/org-netbeans-swing-outline.xml"/>
        <file crc="2449820871" name="modules/locale/org-netbeans-swing-outline_ja.jar"/>
        <file crc="2486442609" name="modules/locale/org-netbeans-swing-outline_pt_BR.jar"/>
        <file crc="4263319320" name="modules/locale/org-netbeans-swing-outline_ru.jar"/>
        <file crc="2799205524" name="modules/locale/org-netbeans-swing-outline_zh_CN.jar"/>
        <file crc="2227952890" name="modules/org-netbeans-swing-outline.jar"/>
    </module_version>
</module>
