<?xml version="1.0" encoding="UTF-8"?><module codename="org.netbeans.modules.core.kit">
    <module_version install_time="1543409167084" last="true" origin="installer" specification_version="1.30.1">
        <file crc="1847137882" name="VERSION.txt"/>
        <file crc="2391224559" name="config/Modules/org-netbeans-modules-core-kit.xml"/>
        <file crc="561722716" name="modules/locale/org-netbeans-modules-core-kit_ja.jar"/>
        <file crc="56784344" name="modules/locale/org-netbeans-modules-core-kit_pt_BR.jar"/>
        <file crc="3146173685" name="modules/locale/org-netbeans-modules-core-kit_ru.jar"/>
        <file crc="1072280900" name="modules/locale/org-netbeans-modules-core-kit_zh_CN.jar"/>
        <file crc="2636542078" name="modules/org-netbeans-modules-core-kit.jar"/>
    </module_version>
</module>
