<?xml version="1.0" encoding="UTF-8"?><module codename="org.openide.nodes">
    <module_version install_time="1507813633050" last="true" origin="installer" specification_version="7.39.1">
        <file crc="11361373" name="config/ModuleAutoDeps/org-openide-nodes.xml"/>
        <file crc="3092369940" name="config/Modules/org-openide-nodes.xml"/>
        <file crc="3720347443" name="modules/locale/org-openide-nodes_ja.jar"/>
        <file crc="2700838222" name="modules/locale/org-openide-nodes_pt_BR.jar"/>
        <file crc="799807370" name="modules/locale/org-openide-nodes_ru.jar"/>
        <file crc="127541900" name="modules/locale/org-openide-nodes_zh_CN.jar"/>
        <file crc="1155924463" name="modules/org-openide-nodes.jar"/>
    </module_version>
</module>
