<?xml version="1.0" encoding="UTF-8"?><module codename="org.netbeans.core.osgi">
    <module_version install_time="1507813622726" last="true" origin="installer" specification_version="1.18.1">
        <file crc="4106410406" name="config/Modules/org-netbeans-core-osgi.xml"/>
        <file crc="768093090" name="modules/locale/org-netbeans-core-osgi_ja.jar"/>
        <file crc="1149125993" name="modules/locale/org-netbeans-core-osgi_pt_BR.jar"/>
        <file crc="3749103121" name="modules/locale/org-netbeans-core-osgi_ru.jar"/>
        <file crc="2432649411" name="modules/locale/org-netbeans-core-osgi_zh_CN.jar"/>
        <file crc="1592738" name="modules/org-netbeans-core-osgi.jar"/>
    </module_version>
</module>
