<?xml version="1.0" encoding="UTF-8"?><module codename="org.openide.loaders">
    <module_version install_time="1507813632944" last="true" origin="installer" specification_version="7.57.1">
        <file crc="3523985554" name="config/ModuleAutoDeps/org-openide-loaders.xml"/>
        <file crc="3241200" name="config/Modules/org-openide-loaders.xml"/>
        <file crc="4174090382" name="modules/locale/org-openide-loaders_ja.jar"/>
        <file crc="3091709424" name="modules/locale/org-openide-loaders_pt_BR.jar"/>
        <file crc="1851256833" name="modules/locale/org-openide-loaders_ru.jar"/>
        <file crc="4275991493" name="modules/locale/org-openide-loaders_zh_CN.jar"/>
        <file crc="142725258" name="modules/org-openide-loaders.jar"/>
    </module_version>
</module>
