<?xml version="1.0" encoding="UTF-8"?><module codename="org.openide.filesystems">
    <module_version install_time="1507813632865" last="true" origin="installer" specification_version="8.12.1">
        <file crc="4169761098" name="config/ModuleAutoDeps/org-openide-filesystems.xml"/>
        <file crc="575010301" name="core/locale/org-openide-filesystems_ja.jar"/>
        <file crc="1553806053" name="core/locale/org-openide-filesystems_pt_BR.jar"/>
        <file crc="1945385080" name="core/locale/org-openide-filesystems_ru.jar"/>
        <file crc="3716996449" name="core/locale/org-openide-filesystems_zh_CN.jar"/>
        <file crc="4044039734" name="core/org-openide-filesystems.jar"/>
    </module_version>
</module>
