<?xml version="1.0" encoding="UTF-8"?><module codename="org.netbeans.modules.keyring">
    <module_version install_time="1507813628883" last="true" origin="installer" specification_version="1.20.1">
        <file crc="3581559990" name="config/Modules/org-netbeans-modules-keyring.xml"/>
        <file crc="3741169409" name="modules/locale/org-netbeans-modules-keyring_ja.jar"/>
        <file crc="2673137220" name="modules/locale/org-netbeans-modules-keyring_pt_BR.jar"/>
        <file crc="2472566025" name="modules/locale/org-netbeans-modules-keyring_ru.jar"/>
        <file crc="3273132779" name="modules/locale/org-netbeans-modules-keyring_zh_CN.jar"/>
        <file crc="1009150455" name="modules/org-netbeans-modules-keyring.jar"/>
    </module_version>
</module>
