<?xml version="1.0" encoding="UTF-8"?><module codename="org.netbeans.api.search">
    <module_version install_time="1507813622475" last="true" origin="installer" specification_version="1.17.1">
        <file crc="3710953649" name="config/Modules/org-netbeans-api-search.xml"/>
        <file crc="2757396645" name="modules/locale/org-netbeans-api-search_ja.jar"/>
        <file crc="1936888511" name="modules/locale/org-netbeans-api-search_pt_BR.jar"/>
        <file crc="677725184" name="modules/locale/org-netbeans-api-search_ru.jar"/>
        <file crc="2527890290" name="modules/locale/org-netbeans-api-search_zh_CN.jar"/>
        <file crc="3347620461" name="modules/org-netbeans-api-search.jar"/>
    </module_version>
</module>
