<?xml version="1.0" encoding="UTF-8"?><module codename="org.openide.options">
    <module_version install_time="1507813625156" last="true" origin="installer" specification_version="6.32.1">
        <file crc="2763036759" name="config/Modules/org-openide-options.xml"/>
        <file crc="3264702930" name="modules/locale/org-openide-options_ja.jar"/>
        <file crc="249210930" name="modules/locale/org-openide-options_pt_BR.jar"/>
        <file crc="935032891" name="modules/locale/org-openide-options_ru.jar"/>
        <file crc="1558475142" name="modules/locale/org-openide-options_zh_CN.jar"/>
        <file crc="302753434" name="modules/org-openide-options.jar"/>
    </module_version>
</module>
