<?xml version="1.0" encoding="UTF-8"?><module codename="org.openide.dialogs">
    <module_version install_time="1507813634094" last="true" origin="installer" specification_version="7.38.1">
        <file crc="807629635" name="config/Modules/org-openide-dialogs.xml"/>
        <file crc="716644288" name="modules/locale/org-openide-dialogs_ja.jar"/>
        <file crc="4110148242" name="modules/locale/org-openide-dialogs_pt_BR.jar"/>
        <file crc="4092421532" name="modules/locale/org-openide-dialogs_ru.jar"/>
        <file crc="1067651257" name="modules/locale/org-openide-dialogs_zh_CN.jar"/>
        <file crc="2642591127" name="modules/org-openide-dialogs.jar"/>
    </module_version>
</module>
