<?xml version="1.0" encoding="UTF-8"?><module codename="org.netbeans.modules.progress.ui">
    <module_version install_time="1507813624449" last="true" origin="installer" specification_version="1.29.1">
        <file crc="3222128542" name="config/Modules/org-netbeans-modules-progress-ui.xml"/>
        <file crc="2800287769" name="modules/locale/org-netbeans-modules-progress-ui_ja.jar"/>
        <file crc="3743959124" name="modules/locale/org-netbeans-modules-progress-ui_pt_BR.jar"/>
        <file crc="2494056658" name="modules/locale/org-netbeans-modules-progress-ui_ru.jar"/>
        <file crc="9899359" name="modules/locale/org-netbeans-modules-progress-ui_zh_CN.jar"/>
        <file crc="1116002254" name="modules/org-netbeans-modules-progress-ui.jar"/>
    </module_version>
</module>
