<?xml version="1.0" encoding="UTF-8"?><module codename="org.netbeans.modules.keyring.fallback">
    <module_version install_time="1507813624071" last="true" origin="installer" specification_version="1.4.1">
        <file crc="1307470414" name="config/Modules/org-netbeans-modules-keyring-fallback.xml"/>
        <file crc="1760904016" name="modules/locale/org-netbeans-modules-keyring-fallback_ja.jar"/>
        <file crc="3046557404" name="modules/locale/org-netbeans-modules-keyring-fallback_pt_BR.jar"/>
        <file crc="1768804616" name="modules/locale/org-netbeans-modules-keyring-fallback_ru.jar"/>
        <file crc="2188678398" name="modules/locale/org-netbeans-modules-keyring-fallback_zh_CN.jar"/>
        <file crc="694538780" name="modules/org-netbeans-modules-keyring-fallback.jar"/>
    </module_version>
</module>
