<?xml version="1.0" encoding="UTF-8"?><module codename="org.netbeans.modules.keyring.impl">
    <module_version install_time="1507813624090" last="true" origin="installer" specification_version="1.20.1">
        <file crc="729697579" name="config/Modules/org-netbeans-modules-keyring-impl.xml"/>
        <file crc="584026001" name="modules/locale/org-netbeans-modules-keyring-impl_ja.jar"/>
        <file crc="3779831862" name="modules/locale/org-netbeans-modules-keyring-impl_pt_BR.jar"/>
        <file crc="3231495179" name="modules/locale/org-netbeans-modules-keyring-impl_ru.jar"/>
        <file crc="164310699" name="modules/locale/org-netbeans-modules-keyring-impl_zh_CN.jar"/>
        <file crc="778467762" name="modules/org-netbeans-modules-keyring-impl.jar"/>
    </module_version>
</module>
