<?xml version="1.0" encoding="UTF-8"?><module codename="org.openide.text">
    <module_version install_time="1507813633012" last="true" origin="installer" specification_version="6.62.1">
        <file crc="2441864466" name="config/ModuleAutoDeps/org-openide-text.xml"/>
        <file crc="1795978028" name="config/Modules/org-openide-text.xml"/>
        <file crc="238519296" name="modules/locale/org-openide-text_ja.jar"/>
        <file crc="3000090752" name="modules/locale/org-openide-text_pt_BR.jar"/>
        <file crc="3995315025" name="modules/locale/org-openide-text_ru.jar"/>
        <file crc="1935655361" name="modules/locale/org-openide-text_zh_CN.jar"/>
        <file crc="2819523739" name="modules/org-openide-text.jar"/>
    </module_version>
</module>
