<?xml version="1.0" encoding="UTF-8"?><module codename="org.netbeans.modules.masterfs.linux">
    <module_version install_time="1507813624186" last="true" origin="installer" specification_version="1.10.1">
        <file crc="367044464" name="config/Modules/org-netbeans-modules-masterfs-linux.xml"/>
        <file crc="698034938" name="modules/locale/org-netbeans-modules-masterfs-linux_ja.jar"/>
        <file crc="737669185" name="modules/locale/org-netbeans-modules-masterfs-linux_pt_BR.jar"/>
        <file crc="2985905517" name="modules/locale/org-netbeans-modules-masterfs-linux_ru.jar"/>
        <file crc="300953924" name="modules/locale/org-netbeans-modules-masterfs-linux_zh_CN.jar"/>
        <file crc="587669867" name="modules/org-netbeans-modules-masterfs-linux.jar"/>
    </module_version>
</module>
