<?xml version="1.0" encoding="UTF-8"?><module codename="org.netbeans.modules.db/1">
    <module_version install_time="1507815938066" last="true" origin="installer" specification_version="1.61.1.30">
        <file crc="3858918199" name="config/ModuleAutoDeps/org-netbeans-modules-db.xml"/>
        <file crc="1197382036" name="config/Modules/org-netbeans-modules-db.xml"/>
        <file crc="2440202918" name="modules/ext/ddl.jar"/>
        <file crc="1642703169" name="modules/ext/locale/ddl_ja.jar"/>
        <file crc="1095565522" name="modules/ext/locale/ddl_pt_BR.jar"/>
        <file crc="703352928" name="modules/ext/locale/ddl_ru.jar"/>
        <file crc="3287907378" name="modules/ext/locale/ddl_zh_CN.jar"/>
        <file crc="1957990693" name="modules/locale/org-netbeans-modules-db_ja.jar"/>
        <file crc="3600508792" name="modules/locale/org-netbeans-modules-db_pt_BR.jar"/>
        <file crc="763576805" name="modules/locale/org-netbeans-modules-db_ru.jar"/>
        <file crc="1045123882" name="modules/locale/org-netbeans-modules-db_zh_CN.jar"/>
        <file crc="3845688157" name="modules/org-netbeans-modules-db.jar"/>
    </module_version>
</module>
