<?xml version="1.0" encoding="UTF-8"?><module codename="org.netbeans.modules.db.metadata.model/1">
    <module_version install_time="1507815941176" last="true" origin="installer" specification_version="1.7.1">
        <file crc="3021893472" name="config/Modules/org-netbeans-modules-db-metadata-model.xml"/>
        <file crc="3362118487" name="modules/locale/org-netbeans-modules-db-metadata-model_ja.jar"/>
        <file crc="952817606" name="modules/locale/org-netbeans-modules-db-metadata-model_pt_BR.jar"/>
        <file crc="2888454988" name="modules/locale/org-netbeans-modules-db-metadata-model_ru.jar"/>
        <file crc="778216049" name="modules/locale/org-netbeans-modules-db-metadata-model_zh_CN.jar"/>
        <file crc="16807715" name="modules/org-netbeans-modules-db-metadata-model.jar"/>
    </module_version>
</module>
