<?xml version="1.0" encoding="UTF-8"?><module codename="org.netbeans.core.ide/1">
    <module_version install_time="1507815938655" last="true" origin="installer" specification_version="1.37.1">
        <file crc="577140527" name="config/Modules/org-netbeans-core-ide.xml"/>
        <file crc="1965415358" name="modules/locale/org-netbeans-core-ide_ja.jar"/>
        <file crc="281494502" name="modules/locale/org-netbeans-core-ide_pt_BR.jar"/>
        <file crc="182261106" name="modules/locale/org-netbeans-core-ide_ru.jar"/>
        <file crc="1829252073" name="modules/locale/org-netbeans-core-ide_zh_CN.jar"/>
        <file crc="2100424339" name="modules/org-netbeans-core-ide.jar"/>
    </module_version>
</module>
