<?xml version="1.0" encoding="UTF-8"?><module codename="org.netbeans.modules.projectuiapi/1">
    <module_version install_time="1507815940633" last="true" origin="installer" specification_version="1.78.1.8">
        <file crc="1472443289" name="config/ModuleAutoDeps/org-netbeans-modules-projectuiapi.xml"/>
        <file crc="1443847563" name="config/Modules/org-netbeans-modules-projectuiapi.xml"/>
        <file crc="835603697" name="modules/locale/org-netbeans-modules-projectuiapi_ja.jar"/>
        <file crc="1433965683" name="modules/locale/org-netbeans-modules-projectuiapi_pt_BR.jar"/>
        <file crc="1614989838" name="modules/locale/org-netbeans-modules-projectuiapi_ru.jar"/>
        <file crc="886820802" name="modules/locale/org-netbeans-modules-projectuiapi_zh_CN.jar"/>
        <file crc="1876005806" name="modules/org-netbeans-modules-projectuiapi.jar"/>
    </module_version>
</module>
