<?xml version="1.0" encoding="UTF-8"?><module codename="org.netbeans.core.io.ui/1">
    <module_version install_time="1545227089217" last="true" origin="installer" specification_version="1.30.1">
        <file crc="937424920" name="config/Modules/org-netbeans-core-io-ui.xml"/>
        <file crc="3234405603" name="modules/locale/org-netbeans-core-io-ui_ja.jar"/>
        <file crc="422823300" name="modules/locale/org-netbeans-core-io-ui_pt_BR.jar"/>
        <file crc="2779800077" name="modules/locale/org-netbeans-core-io-ui_ru.jar"/>
        <file crc="3877988747" name="modules/locale/org-netbeans-core-io-ui_zh_CN.jar"/>
        <file crc="2965308356" name="modules/org-netbeans-core-io-ui.jar"/>
    </module_version>
</module>
