<?xml version="1.0" encoding="UTF-8"?><module codename="org.netbeans.modules.templates/1">
    <module_version install_time="1545227091423" last="true" origin="installer" specification_version="1.7.1">
        <file crc="1866266725" name="config/Modules/org-netbeans-modules-templates.xml"/>
        <file crc="2394964918" name="modules/locale/org-netbeans-modules-templates_ja.jar"/>
        <file crc="113746044" name="modules/locale/org-netbeans-modules-templates_pt_BR.jar"/>
        <file crc="2528463530" name="modules/locale/org-netbeans-modules-templates_ru.jar"/>
        <file crc="261949006" name="modules/locale/org-netbeans-modules-templates_zh_CN.jar"/>
        <file crc="4206083910" name="modules/org-netbeans-modules-templates.jar"/>
    </module_version>
</module>
