<?xml version="1.0" encoding="UTF-8"?><module codename="org.netbeans.core.nativeaccess/1">
    <module_version install_time="1545227089291" last="true" origin="installer" specification_version="1.31.1">
        <file crc="1370516056" name="config/Modules/org-netbeans-core-nativeaccess.xml"/>
        <file crc="480101635" name="modules/locale/org-netbeans-core-nativeaccess_ja.jar"/>
        <file crc="681026806" name="modules/locale/org-netbeans-core-nativeaccess_pt_BR.jar"/>
        <file crc="1090505352" name="modules/locale/org-netbeans-core-nativeaccess_ru.jar"/>
        <file crc="3787506242" name="modules/locale/org-netbeans-core-nativeaccess_zh_CN.jar"/>
        <file crc="1490854856" name="modules/org-netbeans-core-nativeaccess.jar"/>
    </module_version>
</module>
