<?xml version="1.0" encoding="UTF-8"?><module codename="org.netbeans.core.multiview/1">
    <module_version install_time="1545227093483" last="true" origin="installer" specification_version="1.44.1">
        <file crc="3216778929" name="config/Modules/org-netbeans-core-multiview.xml"/>
        <file crc="3519876401" name="modules/locale/org-netbeans-core-multiview_ja.jar"/>
        <file crc="2326250798" name="modules/locale/org-netbeans-core-multiview_pt_BR.jar"/>
        <file crc="565572831" name="modules/locale/org-netbeans-core-multiview_ru.jar"/>
        <file crc="3331499309" name="modules/locale/org-netbeans-core-multiview_zh_CN.jar"/>
        <file crc="894489115" name="modules/org-netbeans-core-multiview.jar"/>
    </module_version>
</module>
