<?xml version="1.0" encoding="UTF-8"?><module codename="org.openide.filesystems.nb">
    <module_version install_time="1545227093578" last="true" origin="installer" specification_version="9.9.1">
        <file crc="282384882" name="config/Modules/org-openide-filesystems-nb.xml"/>
        <file crc="2914689583" name="modules/locale/org-openide-filesystems-nb_ja.jar"/>
        <file crc="2110528928" name="modules/locale/org-openide-filesystems-nb_pt_BR.jar"/>
        <file crc="3647147602" name="modules/locale/org-openide-filesystems-nb_ru.jar"/>
        <file crc="2182947628" name="modules/locale/org-openide-filesystems-nb_zh_CN.jar"/>
        <file crc="3196892028" name="modules/org-openide-filesystems-nb.jar"/>
    </module_version>
</module>
