<?xml version="1.0" encoding="UTF-8"?><module codename="org.openide.execution.compat8">
    <module_version install_time="1545227091704" last="true" origin="installer" specification_version="9.2.1">
        <file crc="2906034987" name="config/Modules/org-openide-execution-compat8.xml"/>
        <file crc="3866590377" name="modules/locale/org-openide-execution-compat8_ja.jar"/>
        <file crc="1714447637" name="modules/locale/org-openide-execution-compat8_pt_BR.jar"/>
        <file crc="573001397" name="modules/locale/org-openide-execution-compat8_ru.jar"/>
        <file crc="542643148" name="modules/locale/org-openide-execution-compat8_zh_CN.jar"/>
        <file crc="3037096408" name="modules/org-openide-execution-compat8.jar"/>
    </module_version>
</module>
