<?xml version="1.0" encoding="UTF-8"?><module codename="org.netbeans.api.progress.compat8">
    <module_version install_time="1545227089029" last="true" origin="installer" specification_version="1.47.1">
        <file crc="512444818" name="config/Modules/org-netbeans-api-progress-compat8.xml"/>
        <file crc="4111310549" name="modules/locale/org-netbeans-api-progress-compat8_ja.jar"/>
        <file crc="2687889275" name="modules/locale/org-netbeans-api-progress-compat8_pt_BR.jar"/>
        <file crc="1685705088" name="modules/locale/org-netbeans-api-progress-compat8_ru.jar"/>
        <file crc="3284603972" name="modules/locale/org-netbeans-api-progress-compat8_zh_CN.jar"/>
        <file crc="263245802" name="modules/org-netbeans-api-progress-compat8.jar"/>
    </module_version>
</module>
