<?xml version="1.0" encoding="UTF-8"?><module codename="org.netbeans.lib.uihandler">
    <module_version install_time="1545227089598" last="true" origin="installer" specification_version="1.45.1">
        <file crc="4049691764" name="config/Modules/org-netbeans-lib-uihandler.xml"/>
        <file crc="1195375670" name="modules/locale/org-netbeans-lib-uihandler_ja.jar"/>
        <file crc="1444336638" name="modules/locale/org-netbeans-lib-uihandler_pt_BR.jar"/>
        <file crc="1169435420" name="modules/locale/org-netbeans-lib-uihandler_ru.jar"/>
        <file crc="1461432084" name="modules/locale/org-netbeans-lib-uihandler_zh_CN.jar"/>
        <file crc="4127462540" name="modules/org-netbeans-lib-uihandler.jar"/>
    </module_version>
</module>
