<?xml version="1.0" encoding="UTF-8"?><module codename="org.netbeans.modules.db.metadata.model/1">
    <module_version install_time="1507816675406" last="true" origin="installer" specification_version="1.11.1">
        <file crc="3021893472" name="config/Modules/org-netbeans-modules-db-metadata-model.xml"/>
        <file crc="4236978527" name="modules/locale/org-netbeans-modules-db-metadata-model_ja.jar"/>
        <file crc="2944741454" name="modules/locale/org-netbeans-modules-db-metadata-model_pt_BR.jar"/>
        <file crc="3182446110" name="modules/locale/org-netbeans-modules-db-metadata-model_ru.jar"/>
        <file crc="3041455161" name="modules/locale/org-netbeans-modules-db-metadata-model_zh_CN.jar"/>
        <file crc="664208543" name="modules/org-netbeans-modules-db-metadata-model.jar"/>
    </module_version>
</module>
