<?xml version="1.0" encoding="UTF-8"?><module codename="org.netbeans.modules.db/1">
    <module_version install_time="1507816673504" last="true" origin="installer" specification_version="1.66.1.30">
        <file crc="3858918199" name="config/ModuleAutoDeps/org-netbeans-modules-db.xml"/>
        <file crc="1197382036" name="config/Modules/org-netbeans-modules-db.xml"/>
        <file crc="2998777089" name="modules/ext/ddl.jar"/>
        <file crc="154139042" name="modules/ext/locale/ddl_ja.jar"/>
        <file crc="1222721311" name="modules/ext/locale/ddl_pt_BR.jar"/>
        <file crc="1621719642" name="modules/ext/locale/ddl_ru.jar"/>
        <file crc="1554478403" name="modules/ext/locale/ddl_zh_CN.jar"/>
        <file crc="2037510283" name="modules/locale/org-netbeans-modules-db_ja.jar"/>
        <file crc="1470663942" name="modules/locale/org-netbeans-modules-db_pt_BR.jar"/>
        <file crc="3482073956" name="modules/locale/org-netbeans-modules-db_ru.jar"/>
        <file crc="648613282" name="modules/locale/org-netbeans-modules-db_zh_CN.jar"/>
        <file crc="2913047446" name="modules/org-netbeans-modules-db.jar"/>
    </module_version>
</module>
