<?xml version="1.0" encoding="UTF-8"?><module codename="eu.europa.ec.joinup.sat.nbdemetra.core">
    <module_version install_time="1507816880453" last="true" origin="installer" specification_version="2.2.0">
        <file crc="4290893292" name="config/Modules/eu-europa-ec-joinup-sat-nbdemetra-core.xml"/>
        <file crc="3861560423" name="modules/eu-europa-ec-joinup-sat-nbdemetra-core.jar"/>
        <file crc="1651212803" name="modules/ext/eu.europa.ec.joinup.sat.nbdemetra-core/com-google-code-findbugs/jsr305.jar"/>
        <file crc="4061769498" name="modules/ext/eu.europa.ec.joinup.sat.nbdemetra-core/com-google-guava/guava.jar"/>
        <file crc="1995799246" name="modules/ext/eu.europa.ec.joinup.sat.nbdemetra-core/eu-europa-ec-joinup-sat/demetra-tss.jar"/>
        <file crc="1745395397" name="modules/ext/eu.europa.ec.joinup.sat.nbdemetra-core/eu-europa-ec-joinup-sat/demetra-tstoolkit.jar"/>
        <file crc="228889883" name="modules/ext/eu.europa.ec.joinup.sat.nbdemetra-core/eu-europa-ec-joinup-sat/demetra-utils.jar"/>
        <file crc="1234285188" name="modules/ext/eu.europa.ec.joinup.sat.nbdemetra-core/eu-europa-ec-joinup-sat/demetra-workspace.jar"/>
        <file crc="2720884843" name="modules/ext/eu.europa.ec.joinup.sat.nbdemetra-core/org-slf4j/jcl-over-slf4j.jar"/>
        <file crc="1671271564" name="modules/ext/eu.europa.ec.joinup.sat.nbdemetra-core/org-slf4j/slf4j-api.jar"/>
        <file crc="996497812" name="modules/ext/eu.europa.ec.joinup.sat.nbdemetra-core/org-slf4j/slf4j-jdk14.jar"/>
        <file crc="1014054320" name="modules/ext/eu.europa.ec.joinup.sat.nbdemetra-core/org-xerial-snappy/snappy-java.jar"/>
        <file crc="1624170049" name="update_tracking/eu-europa-ec-joinup-sat-nbdemetra-core.xml"/>
    </module_version>
</module>
