<?xml version="1.0" encoding="UTF-8"?><module codename="eu.europa.ec.joinup.sat.nbdemetra.branding">
    <module_version install_time="1507816880207" last="true" origin="installer" specification_version="2.2.0">
        <file crc="302786477" name="config/Modules/eu-europa-ec-joinup-sat-nbdemetra-branding.xml"/>
        <file crc="3219624380" name="core/locale/core_nbdemetra.jar"/>
        <file crc="3943340648" name="modules/eu-europa-ec-joinup-sat-nbdemetra-branding.jar"/>
        <file crc="1288498909" name="modules/locale/eu-europa-ec-joinup-sat-nbdemetra-sa_nbdemetra.jar"/>
        <file crc="1921839725" name="modules/locale/org-netbeans-core-windows_nbdemetra.jar"/>
        <file crc="1741959582" name="modules/locale/org-netbeans-core_nbdemetra.jar"/>
        <file crc="3461359154" name="update_tracking/eu-europa-ec-joinup-sat-nbdemetra-branding.xml"/>
    </module_version>
</module>
