<?xml version="1.0" encoding="UTF-8"?><module codename="eu.europa.ec.joinup.sat.nbdemetra.branding">
    <module_version install_time="1520599207828" last="true" origin="installer" specification_version="2.2.1">
        <file crc="302786477" name="config/Modules/eu-europa-ec-joinup-sat-nbdemetra-branding.xml"/>
        <file crc="2905378842" name="core/locale/core_nbdemetra.jar"/>
        <file crc="1799932505" name="modules/eu-europa-ec-joinup-sat-nbdemetra-branding.jar"/>
        <file crc="4007145233" name="modules/locale/eu-europa-ec-joinup-sat-nbdemetra-sa_nbdemetra.jar"/>
        <file crc="1144715664" name="modules/locale/org-netbeans-core-windows_nbdemetra.jar"/>
        <file crc="364923497" name="modules/locale/org-netbeans-core_nbdemetra.jar"/>
        <file crc="3431081943" name="update_tracking/eu-europa-ec-joinup-sat-nbdemetra-branding.xml"/>
    </module_version>
</module>
