<?xml version="1.0" encoding="UTF-8"?><module codename="eu.europa.ec.joinup.sat.nbdemetra.spreadsheet">
    <module_version install_time="1520599209126" last="true" origin="installer" specification_version="2.2.1">
        <file crc="2290505336" name="config/Modules/eu-europa-ec-joinup-sat-nbdemetra-spreadsheet.xml"/>
        <file crc="2544326871" name="modules/eu-europa-ec-joinup-sat-nbdemetra-spreadsheet.jar"/>
        <file crc="665802104" name="modules/ext/eu.europa.ec.joinup.sat.nbdemetra-spreadsheet/com-github-virtuald/curvesapi.jar"/>
        <file crc="1487795355" name="modules/ext/eu.europa.ec.joinup.sat.nbdemetra-spreadsheet/commons-codec/commons-codec.jar"/>
        <file crc="768600944" name="modules/ext/eu.europa.ec.joinup.sat.nbdemetra-spreadsheet/eu-europa-ec-joinup-sat/demetra-spreadsheet.jar"/>
        <file crc="1612314155" name="modules/ext/eu.europa.ec.joinup.sat.nbdemetra-spreadsheet/eu-europa-ec-joinup-sat/spreadsheet-api.jar"/>
        <file crc="2782061749" name="modules/ext/eu.europa.ec.joinup.sat.nbdemetra-spreadsheet/eu-europa-ec-joinup-sat/spreadsheet-html.jar"/>
        <file crc="697531137" name="modules/ext/eu.europa.ec.joinup.sat.nbdemetra-spreadsheet/eu-europa-ec-joinup-sat/spreadsheet-od.jar"/>
        <file crc="2899702878" name="modules/ext/eu.europa.ec.joinup.sat.nbdemetra-spreadsheet/eu-europa-ec-joinup-sat/spreadsheet-poi.jar"/>
        <file crc="1749178604" name="modules/ext/eu.europa.ec.joinup.sat.nbdemetra-spreadsheet/eu-europa-ec-joinup-sat/spreadsheet-xmlss.jar"/>
        <file crc="122887306" name="modules/ext/eu.europa.ec.joinup.sat.nbdemetra-spreadsheet/org-apache-commons/commons-collections4.jar"/>
        <file crc="1028684868" name="modules/ext/eu.europa.ec.joinup.sat.nbdemetra-spreadsheet/org-apache-poi/poi-ooxml-schemas.jar"/>
        <file crc="487901719" name="modules/ext/eu.europa.ec.joinup.sat.nbdemetra-spreadsheet/org-apache-poi/poi-ooxml.jar"/>
        <file crc="4078650114" name="modules/ext/eu.europa.ec.joinup.sat.nbdemetra-spreadsheet/org-apache-poi/poi.jar"/>
        <file crc="3885702182" name="modules/ext/eu.europa.ec.joinup.sat.nbdemetra-spreadsheet/org-apache-xmlbeans/xmlbeans.jar"/>
        <file crc="842053307" name="modules/ext/eu.europa.ec.joinup.sat.nbdemetra-spreadsheet/org-jopendocument/jOpenDocument.jar"/>
        <file crc="1741367501" name="modules/ext/eu.europa.ec.joinup.sat.nbdemetra-spreadsheet/org-jsoup/jsoup.jar"/>
        <file crc="1742116933" name="update_tracking/eu-europa-ec-joinup-sat-nbdemetra-spreadsheet.xml"/>
    </module_version>
</module>
