<?xml version="1.0" encoding="UTF-8"?><module codename="org.netbeans.modules.masterfs.nio2">
    <module_version install_time="1507816670280" last="true" origin="installer" specification_version="1.15.1">
        <file crc="1000323626" name="config/Modules/org-netbeans-modules-masterfs-nio2.xml"/>
        <file crc="2751452064" name="modules/locale/org-netbeans-modules-masterfs-nio2_ja.jar"/>
        <file crc="4013258879" name="modules/locale/org-netbeans-modules-masterfs-nio2_pt_BR.jar"/>
        <file crc="3678833352" name="modules/locale/org-netbeans-modules-masterfs-nio2_ru.jar"/>
        <file crc="3560319094" name="modules/locale/org-netbeans-modules-masterfs-nio2_zh_CN.jar"/>
        <file crc="2254440321" name="modules/org-netbeans-modules-masterfs-nio2.jar"/>
    </module_version>
</module>
