<?xml version="1.0" encoding="UTF-8"?><module codename="org.openide.windows">
    <module_version install_time="1507816678485" last="true" origin="installer" specification_version="6.75.1">
        <file crc="3877728110" name="config/Modules/org-openide-windows.xml"/>
        <file crc="3046912330" name="modules/locale/org-openide-windows_ja.jar"/>
        <file crc="3725386480" name="modules/locale/org-openide-windows_pt_BR.jar"/>
        <file crc="1751542313" name="modules/locale/org-openide-windows_ru.jar"/>
        <file crc="3127532766" name="modules/locale/org-openide-windows_zh_CN.jar"/>
        <file crc="2396014479" name="modules/org-openide-windows.jar"/>
    </module_version>
</module>
