<?xml version="1.0" encoding="UTF-8"?><module codename="org.openide.compat">
    <module_version install_time="1507816671081" last="true" origin="installer" specification_version="6.39.1">
        <file crc="1028000658" name="config/Modules/org-openide-compat.xml"/>
        <file crc="2155172005" name="modules/locale/org-openide-compat_ja.jar"/>
        <file crc="1809715340" name="modules/locale/org-openide-compat_pt_BR.jar"/>
        <file crc="1564800347" name="modules/locale/org-openide-compat_ru.jar"/>
        <file crc="2038043526" name="modules/locale/org-openide-compat_zh_CN.jar"/>
        <file crc="2431101968" name="modules/org-openide-compat.jar"/>
    </module_version>
</module>
